{
  "timestamp": "2026-05-27T20:36:54.160Z",
  "commit": "90571f50",
  "commitMessage": "refactor: move utils/persistent into the dvala-types leaf",
  "machine": {
    "fingerprint": "a1f27a69",
    "cpu": "Apple M4 Pro",
    "cores": 14,
    "memoryGB": 24,
    "os": "darwin 25.5.0",
    "node": "v22.15.1",
    "onBattery": true,
    "loadAvg1m": 2.26
  },
  "scenarios": {
    "phase-tokenize": {
      "tiny (1 + 2 * 3)": {
        "median": 0.0010689081999999985,
        "min": 0.0009370168000000035,
        "max": 0.0017403500000000008,
        "unit": "ms"
      },
      "medium (untyped fold)": {
        "median": 0.007521666500000009,
        "min": 0.007429562500000003,
        "max": 0.0076905830000000034,
        "unit": "ms"
      },
      "typed (annotated arithmetic)": {
        "median": 0.0091888955,
        "min": 0.009049916499999994,
        "max": 0.009318874999999992,
        "unit": "ms"
      },
      "refinement-heavy (50 annotations)": {
        "median": 0.35992249999999953,
        "min": 0.3587183299999998,
        "max": 0.3720916699999998,
        "unit": "ms"
      },
      "effect-heavy (handler + perform)": {
        "median": 0.004348000000000013,
        "min": 0.004229020999999989,
        "max": 0.004466062500000021,
        "unit": "ms"
      },
      "eval-heavy (fib(15) recursion)": {
        "median": 0.00630337499999996,
        "min": 0.006188062500000001,
        "max": 0.0064688335000000164,
        "unit": "ms"
      }
    },
    "phase-parse": {
      "tiny (1 + 2 * 3)": {
        "median": 0.00046766660000000686,
        "min": 0.000415625,
        "max": 0.001935083399999985,
        "unit": "ms"
      },
      "medium (untyped fold)": {
        "median": 0.002002354000000025,
        "min": 0.0018224374999999782,
        "max": 0.004816812499999969,
        "unit": "ms"
      },
      "typed (annotated arithmetic)": {
        "median": 0.001983312500000011,
        "min": 0.001949625000000026,
        "max": 0.003498604,
        "unit": "ms"
      },
      "refinement-heavy (50 annotations)": {
        "median": 0.08034500000000094,
        "min": 0.08014083000000027,
        "max": 0.0933385400000003,
        "unit": "ms"
      },
      "effect-heavy (handler + perform)": {
        "median": 0.0011166875000000118,
        "min": 0.0008482295000000022,
        "max": 0.0025402290000000674,
        "unit": "ms"
      },
      "eval-heavy (fib(15) recursion)": {
        "median": 0.0018349375000000236,
        "min": 0.0018011249999999564,
        "max": 0.002366624999999999,
        "unit": "ms"
      }
    },
    "phase-typecheck": {
      "tiny (1 + 2 * 3)": {
        "median": 0.00597116700000015,
        "min": 0.005293916000000081,
        "max": 0.012153083000000151,
        "unit": "ms"
      },
      "medium (untyped fold)": {
        "median": 0.03118858399999999,
        "min": 0.02933633400000008,
        "max": 0.04025758399999995,
        "unit": "ms"
      },
      "typed (annotated arithmetic)": {
        "median": 0.05157324999999992,
        "min": 0.04577899999999999,
        "max": 0.06904858399999966,
        "unit": "ms"
      },
      "refinement-heavy (50 annotations)": {
        "median": 5.152244999999998,
        "min": 4.911396679999998,
        "max": 5.657430839999997,
        "unit": "ms"
      },
      "effect-heavy (handler + perform)": {
        "median": 0.019882583999999953,
        "min": 0.018412250000000314,
        "max": 0.021771499999999833,
        "unit": "ms"
      },
      "eval-heavy (fib(15) recursion)": {
        "median": 0.07316283400000066,
        "min": 0.07182225000000017,
        "max": 0.21720891800000028,
        "unit": "ms"
      }
    },
    "phase-run-no-typecheck": {
      "tiny (1 + 2 * 3)": {
        "median": 0.0011227499999999964,
        "min": 0.0008972920000001067,
        "max": 0.0016067499999999199,
        "unit": "ms"
      },
      "medium (untyped fold)": {
        "median": 0.036479667999999944,
        "min": 0.03603416800000014,
        "max": 0.056139249999999266,
        "unit": "ms"
      },
      "typed (annotated arithmetic)": {
        "median": 0.006480082000000039,
        "min": 0.004457918000000063,
        "max": 0.007924667999999656,
        "unit": "ms"
      },
      "refinement-heavy (50 annotations)": {
        "median": 0.06369584000000032,
        "min": 0.06091833999999835,
        "max": 0.11718584000000191,
        "unit": "ms"
      },
      "effect-heavy (handler + perform)": {
        "median": 0.004613333999999668,
        "min": 0.004101584000000003,
        "max": 0.00571416599999975,
        "unit": "ms"
      },
      "eval-heavy (fib(15) recursion)": {
        "median": 4.390695420000002,
        "min": 4.345138750000001,
        "max": 4.457441660000004,
        "unit": "ms"
      }
    },
    "phase-end-to-end": {
      "tiny (1 + 2 * 3)": {
        "median": 0.0018169170000001031,
        "min": 0.001498833000000559,
        "max": 0.0019744999999993526,
        "unit": "ms"
      },
      "medium (untyped fold)": {
        "median": 0.04190191600000071,
        "min": 0.04057258400000137,
        "max": 0.04426774999999907,
        "unit": "ms"
      },
      "typed (annotated arithmetic)": {
        "median": 0.025280000000000656,
        "min": 0.025039749999999913,
        "max": 0.02593308199999956,
        "unit": "ms"
      },
      "refinement-heavy (50 annotations)": {
        "median": 0.5619491600000037,
        "min": 0.5538408200000049,
        "max": 0.6011574999999902,
        "unit": "ms"
      },
      "effect-heavy (handler + perform)": {
        "median": 0.006541917999998987,
        "min": 0.005560749999998734,
        "max": 0.008183333999999378,
        "unit": "ms"
      },
      "eval-heavy (fib(15) recursion)": {
        "median": 4.40484625,
        "min": 4.369348339999997,
        "max": 4.416388339999994,
        "unit": "ms"
      }
    },
    "solver-direct": {
      "interval target — Number → {n | n > 0 && n < 100}": {
        "median": 0.16972415999999613,
        "min": 0.16643874999999753,
        "max": 0.19728750000000217,
        "unit": "us"
      },
      "set target — :ok → {x | :ok | :error}": {
        "median": 0.22430207999999766,
        "min": 0.2238391599999977,
        "max": 0.25110166999999817,
        "unit": "us"
      },
      "count target — String → {s | count(s) > 0}": {
        "median": 0.10982083000000785,
        "min": 0.10923542000000452,
        "max": 0.13573167000000466,
        "unit": "us"
      },
      "excludedSet — Number → {n | !=0 && !=1 && !=-1}": {
        "median": 0.32774790999999825,
        "min": 0.32676041999999145,
        "max": 0.35386790999998996,
        "unit": "us"
      },
      "literal source — 50 → {n | n > 0 && n < 100}": {
        "median": 0.1874829200000022,
        "min": 0.18558208000000376,
        "max": 0.19873916999998983,
        "unit": "us"
      }
    },
    "simplify-scaling": {
      "N= 2 stacked refinements": {
        "median": 0.9934250000002066,
        "min": 0.9776916000002529,
        "max": 1.5535500000001776,
        "unit": "us"
      },
      "N= 4 stacked refinements": {
        "median": 4.202558200000203,
        "min": 4.1875834000002214,
        "max": 4.252600000000166,
        "unit": "us"
      },
      "N= 8 stacked refinements": {
        "median": 17.512308199999826,
        "min": 17.47194180000006,
        "max": 17.712174999999842,
        "unit": "us"
      },
      "N=16 stacked refinements": {
        "median": 99.20471660000003,
        "min": 98.9430081999999,
        "max": 99.49463319999995,
        "unit": "us"
      },
      "N=32 stacked refinements": {
        "median": 511.7508666000001,
        "min": 510.99269180000044,
        "max": 512.1294834000004,
        "unit": "us"
      }
    },
    "excluded-quadratic": {
      "N= 10 (parse + simplify)": {
        "median": 29.555816799999594,
        "min": 29.10380839999998,