{
  "timestamp": "2026-05-11T19:04:48.010Z",
  "commit": "3e396faf",
  "commitMessage": "Accept effect handlers in backend startSession",
  "machine": {
    "fingerprint": "c3d8f199",
    "cpu": "Apple M4 Pro",
    "cores": 14,
    "memoryGB": 24,
    "os": "darwin 25.4.0",
    "node": "v22.15.1",
    "onBattery": true,
    "loadAvg1m": 13.28
  },
  "scenarios": {
    "phase-tokenize": {
      "tiny (1 + 2 * 3)": {
        "median": 0.001216041800000005,
        "min": 0.0011246668,
        "max": 0.0020222750000000018,
        "unit": "ms"
      },
      "medium (untyped fold)": {
        "median": 0.008247083500000002,
        "min": 0.008129374999999982,
        "max": 0.008946792000000016,
        "unit": "ms"
      },
      "typed (annotated arithmetic)": {
        "median": 0.010141375000000011,
        "min": 0.009995271000000002,
        "max": 0.010513271000000003,
        "unit": "ms"
      },
      "refinement-heavy (50 annotations)": {
        "median": 0.3953129150000001,
        "min": 0.39345395999999994,
        "max": 0.39976687499999997,
        "unit": "ms"
      },
      "effect-heavy (handler + perform)": {
        "median": 0.0048988750000000325,
        "min": 0.004843416499999989,
        "max": 0.004972270999999978,
        "unit": "ms"
      },
      "eval-heavy (fib(15) recursion)": {
        "median": 0.007061270499999978,
        "min": 0.007034020999999995,
        "max": 0.0072707079999999565,
        "unit": "ms"
      }
    },
    "phase-parse": {
      "tiny (1 + 2 * 3)": {
        "median": 0.0007219250000000102,
        "min": 0.00046772499999997306,
        "max": 0.002216433199999983,
        "unit": "ms"
      },
      "medium (untyped fold)": {
        "median": 0.00265949999999998,
        "min": 0.002030687499999999,
        "max": 0.006760499999999979,
        "unit": "ms"
      },
      "typed (annotated arithmetic)": {
        "median": 0.003014603999999963,
        "min": 0.00224249999999995,
        "max": 0.004390166500000078,
        "unit": "ms"
      },
      "refinement-heavy (50 annotations)": {
        "median": 0.09665062499999977,
        "min": 0.09297687500000051,
        "max": 0.1068120799999997,
        "unit": "ms"
      },
      "effect-heavy (handler + perform)": {
        "median": 0.0014307919999999967,
        "min": 0.0009756459999999833,
        "max": 0.00241437499999995,
        "unit": "ms"
      },
      "eval-heavy (fib(15) recursion)": {
        "median": 0.002636270500000023,
        "min": 0.0019441454999999906,
        "max": 0.00277320850000001,
        "unit": "ms"
      }
    },
    "phase-typecheck": {
      "tiny (1 + 2 * 3)": {
        "median": 0.007977915999999823,
        "min": 0.005159041000000116,
        "max": 0.015364000000000032,
        "unit": "ms"
      },
      "medium (untyped fold)": {
        "median": 0.035300082000000205,
        "min": 0.031991250000000034,
        "max": 0.04958041599999979,
        "unit": "ms"
      },
      "typed (annotated arithmetic)": {
        "median": 0.05628058199999987,
        "min": 0.051322499999999764,
        "max": 0.07961524999999983,
        "unit": "ms"
      },
      "refinement-heavy (50 annotations)": {
        "median": 5.951229159999993,
        "min": 5.798976659999998,
        "max": 6.5293899999999985,
        "unit": "ms"
      },
      "effect-heavy (handler + perform)": {
        "median": 0.024000334000000293,
        "min": 0.023451417999999648,
        "max": 0.02808324999999968,
        "unit": "ms"
      },
      "eval-heavy (fib(15) recursion)": {
        "median": 0.08740991799999938,
        "min": 0.08422650000000068,
        "max": 0.2455164160000004,
        "unit": "ms"
      }
    },
    "phase-run-no-typecheck": {
      "tiny (1 + 2 * 3)": {
        "median": 0.0011344589999998788,
        "min": 0.000921875,
        "max": 0.0027626249999998438,
        "unit": "ms"
      },
      "medium (untyped fold)": {
        "median": 0.04148491599999943,
        "min": 0.04016958199999954,
        "max": 0.06396541600000001,
        "unit": "ms"
      },
      "typed (annotated arithmetic)": {
        "median": 0.007268083999999363,
        "min": 0.005336831999999959,
        "max": 0.009045334000000366,
        "unit": "ms"
      },
      "refinement-heavy (50 annotations)": {
        "median": 0.07849749999999403,
        "min": 0.06837499999999636,
        "max": 0.1414508399999977,
        "unit": "ms"
      },
      "effect-heavy (handler + perform)": {
        "median": 0.0050789999999997235,
        "min": 0.004424665999999888,
        "max": 0.006825665999999728,
        "unit": "ms"
      },
      "eval-heavy (fib(15) recursion)": {
        "median": 4.976058749999997,
        "min": 4.9244804100000055,
        "max": 5.051441249999998,
        "unit": "ms"
      }
    },
    "phase-end-to-end": {
      "tiny (1 + 2 * 3)": {
        "median": 0.0020204579999999624,
        "min": 0.0017510839999995368,
        "max": 0.002314875000000029,
        "unit": "ms"
      },
      "medium (untyped fold)": {
        "median": 0.05004866799999945,
        "min": 0.04792924999999923,
        "max": 0.05284133199999996,
        "unit": "ms"
      },
      "typed (annotated arithmetic)": {
        "median": 0.029433999999999287,
        "min": 0.02818608399999903,
        "max": 0.02957933199999934,
        "unit": "ms"
      },
      "refinement-heavy (50 annotations)": {
        "median": 0.7541508400000021,
        "min": 0.7358566600000086,
        "max": 0.7743758400000115,
        "unit": "ms"
      },
      "effect-heavy (handler + perform)": {
        "median": 0.009828084000000672,
        "min": 0.007531583999998474,
        "max": 0.010647666000000755,
        "unit": "ms"
      },
      "eval-heavy (fib(15) recursion)": {
        "median": 5.073478750000004,
        "min": 5.051714580000007,
        "max": 5.3686874999999965,
        "unit": "ms"
      }
    },
    "solver-direct": {
      "interval target — Number → {n | n > 0 && n < 100}": {
        "median": 0.1023399999999856,
        "min": 0.0984808300000077,
        "max": 0.14314415999999255,
        "unit": "us"
      },
      "set target — :ok → {x | :ok | :error}": {
        "median": 0.13784750000000712,
        "min": 0.13377667000000656,
        "max": 0.18305875000000016,
        "unit": "us"
      },
      "count target — String → {s | count(s) > 0}": {
        "median": 0.062796670000007,
        "min": 0.06157624999999825,
        "max": 0.09798000000000684,
        "unit": "us"
      },
      "excludedSet — Number → {n | !=0 && !=1 && !=-1}": {
        "median": 0.2283837500000118,
        "min": 0.2258170799999971,
        "max": 0.2640070899999955,
        "unit": "us"
      },
      "literal source — 50 → {n | n > 0 && n < 100}": {
        "median": 0.11473291999998764,
        "min": 0.11154832999998689,
        "max": 0.1367004200000156,
        "unit": "us"
      }
    },
    "simplify-scaling": {
      "N= 2 stacked refinements": {
        "median": 0.9474333999998634,
        "min": 0.8635249999999359,
        "max": 1.5555499999998574,
        "unit": "us"
      },
      "N= 4 stacked refinements": {
        "median": 3.8081749999997556,
        "min": 3.754991599999994,
        "max": 3.878091800000038,
        "unit": "us"
      },
      "N= 8 stacked refinements": {
        "median": 16.40749160000014,
        "min": 16.24735839999994,
        "max": 19.360599999999977,
        "unit": "us"
      },
      "N=16 stacked refinements": {
        "median": 98.86182499999995,
        "min": 98.64106680000005,
        "max": 99.8458749999998,
        "unit": "us"
      },
      "N=32 stacked refinements": {
        "median": 517.0242331999998,
        "min": 514.6542500000003,
        "max": 518.2965665999997,
        "unit": "us"
      }
    },
    "excluded-quadratic": {
      "N= 10 (parse + simplify)": {
        "median": 30.528733199999987,
        "min": 30.04383339999986,