{
  "timestamp": "2026-04-27T14:24:20.355Z",
  "commit": "ffaa479f",
  "commitMessage": "chore(toolchain): migrate to tsgo + oxlint + tsgolint + oxfmt",
  "machine": {
    "fingerprint": "c3d8f199",
    "cpu": "Apple M4 Pro",
    "cores": 14,
    "memoryGB": 24,
    "os": "darwin 25.4.0",
    "node": "v22.15.1",
    "onBattery": true,
    "loadAvg1m": 3.79
  },
  "scenarios": {
    "phase-tokenize": {
      "tiny (1 + 2 * 3)": {
        "median": 0.0011286583999999948,
        "min": 0.0011074000000000069,
        "max": 0.0015340167999999949,
        "unit": "ms"
      },
      "medium (untyped fold)": {
        "median": 0.007955770999999971,
        "min": 0.007876916499999992,
        "max": 0.008562687499999982,
        "unit": "ms"
      },
      "typed (annotated arithmetic)": {
        "median": 0.00966945850000002,
        "min": 0.00960250000000002,
        "max": 0.009840103999999997,
        "unit": "ms"
      },
      "refinement-heavy (50 annotations)": {
        "median": 0.3793379150000004,
        "min": 0.3769841650000001,
        "max": 0.3909166700000003,
        "unit": "ms"
      },
      "effect-heavy (handler + perform)": {
        "median": 0.004607249999999908,
        "min": 0.004485562500000015,
        "max": 0.005853437500000041,
        "unit": "ms"
      },
      "eval-heavy (fib(15) recursion)": {
        "median": 0.006753291999999988,
        "min": 0.0065513329999999995,
        "max": 0.0071554999999999605,
        "unit": "ms"
      }
    },
    "phase-parse": {
      "tiny (1 + 2 * 3)": {
        "median": 0.0006146749999999884,
        "min": 0.0004528331999999864,
        "max": 0.0018883915999999771,
        "unit": "ms"
      },
      "medium (untyped fold)": {
        "median": 0.002266687499999989,
        "min": 0.0020469584999999596,
        "max": 0.005392375000000015,
        "unit": "ms"
      },
      "typed (annotated arithmetic)": {
        "median": 0.0024820415000000365,
        "min": 0.002410833499999967,
        "max": 0.0039807499999999435,
        "unit": "ms"
      },
      "refinement-heavy (50 annotations)": {
        "median": 0.08755957999999964,
        "min": 0.07936832999999979,
        "max": 0.10428999999999973,
        "unit": "ms"
      },
      "effect-heavy (handler + perform)": {
        "median": 0.001560291500000062,
        "min": 0.0009529374999999618,
        "max": 0.002654874999999947,
        "unit": "ms"
      },
      "eval-heavy (fib(15) recursion)": {
        "median": 0.00270629150000002,
        "min": 0.0018503749999999855,
        "max": 0.003503937500000006,
        "unit": "ms"
      }
    },
    "phase-typecheck": {
      "tiny (1 + 2 * 3)": {
        "median": 0.005290958000000046,
        "min": 0.004672334000000091,
        "max": 0.015723291999999903,
        "unit": "ms"
      },
      "medium (untyped fold)": {
        "median": 0.03370891600000005,
        "min": 0.031201915999999982,
        "max": 0.043871332000000166,
        "unit": "ms"
      },
      "typed (annotated arithmetic)": {
        "median": 0.05280141800000001,
        "min": 0.0479074999999998,
        "max": 0.0700652500000001,
        "unit": "ms"
      },
      "refinement-heavy (50 annotations)": {
        "median": 5.547044999999994,
        "min": 5.256019159999997,
        "max": 5.97737666,
        "unit": "ms"
      },
      "effect-heavy (handler + perform)": {
        "median": 0.022198583999999754,
        "min": 0.019640331999999944,
        "max": 0.026071665999999823,
        "unit": "ms"
      },
      "eval-heavy (fib(15) recursion)": {
        "median": 0.08036516800000026,
        "min": 0.07783250000000044,
        "max": 0.2240910819999999,
        "unit": "ms"
      }
    },
    "phase-run-no-typecheck": {
      "tiny (1 + 2 * 3)": {
        "median": 0.0014402500000001055,
        "min": 0.0009200420000001941,
        "max": 0.0018325420000001032,
        "unit": "ms"
      },
      "medium (untyped fold)": {
        "median": 0.03782816600000024,
        "min": 0.036696249999999965,
        "max": 0.059139666000000035,
        "unit": "ms"
      },
      "typed (annotated arithmetic)": {
        "median": 0.006488999999999578,
        "min": 0.004988999999999578,
        "max": 0.007647750000000088,
        "unit": "ms"
      },
      "refinement-heavy (50 annotations)": {
        "median": 0.08102750000000014,
        "min": 0.06005750000000262,
        "max": 0.124669159999994,
        "unit": "ms"
      },
      "effect-heavy (handler + perform)": {
        "median": 0.00467833200000041,
        "min": 0.004217083999999886,
        "max": 0.005761081999999988,
        "unit": "ms"
      },
      "eval-heavy (fib(15) recursion)": {
        "median": 4.4749091599999975,
        "min": 4.4638358400000016,
        "max": 4.511822499999998,
        "unit": "ms"
      }
    },
    "phase-end-to-end": {
      "tiny (1 + 2 * 3)": {
        "median": 0.0017807910000001356,
        "min": 0.0016229999999995927,
        "max": 0.001898750000000291,
        "unit": "ms"
      },
      "medium (untyped fold)": {
        "median": 0.045236666000000696,
        "min": 0.04360991599999943,
        "max": 0.050020918000000164,
        "unit": "ms"
      },
      "typed (annotated arithmetic)": {
        "median": 0.026258499999999914,
        "min": 0.025151583999999276,
        "max": 0.027088418000001183,
        "unit": "ms"
      },
      "refinement-heavy (50 annotations)": {
        "median": 0.6027616599999965,
        "min": 0.587413319999996,
        "max": 0.642548339999994,
        "unit": "ms"
      },
      "effect-heavy (handler + perform)": {
        "median": 0.00755791599999975,
        "min": 0.006472834000000148,
        "max": 0.008113166000001,
        "unit": "ms"
      },
      "eval-heavy (fib(15) recursion)": {
        "median": 4.654486670000006,
        "min": 4.586793749999988,
        "max": 4.715717080000004,
        "unit": "ms"
      }
    },
    "solver-direct": {
      "interval target — Number → {n | n > 0 && n < 100}": {
        "median": 0.09702832999999372,
        "min": 0.09494000000000596,
        "max": 0.13293749999998908,
        "unit": "us"
      },
      "set target — :ok → {x | :ok | :error}": {
        "median": 0.12636000000000422,
        "min": 0.12364582999998674,
        "max": 0.16775332999999593,
        "unit": "us"
      },
      "count target — String → {s | count(s) > 0}": {
        "median": 0.05595417000000452,
        "min": 0.05542708000000857,
        "max": 0.08938167000000248,
        "unit": "us"
      },
      "excludedSet — Number → {n | !=0 && !=1 && !=-1}": {
        "median": 0.22275416000000406,
        "min": 0.22066125000001194,
        "max": 0.255463749999999,
        "unit": "us"
      },
      "literal source — 50 → {n | n > 0 && n < 100}": {
        "median": 0.10957833000000392,
        "min": 0.1070233399999961,
        "max": 0.1285924999999952,
        "unit": "us"
      }
    },
    "simplify-scaling": {
      "N= 2 stacked refinements": {
        "median": 0.8247749999998633,
        "min": 0.8005249999998341,
        "max": 1.4143918000001576,
        "unit": "us"
      },
      "N= 4 stacked refinements": {
        "median": 3.444316799999797,
        "min": 3.3506915999998457,
        "max": 3.514900000000125,
        "unit": "us"
      },
      "N= 8 stacked refinements": {
        "median": 14.723566799999753,
        "min": 14.573933199999738,
        "max": 14.91627499999995,
        "unit": "us"
      },
      "N=16 stacked refinements": {
        "median": 90.75118340000009,
        "min": 90.4851584,
        "max": 90.9963083999999,
        "unit": "us"
      },
      "N=32 stacked refinements": {
        "median": 478.137975,
        "min": 476.3689168000004,
        "max": 480.76401659999976,
        "unit": "us"
      }
    },
    "excluded-quadratic": {
      "N= 10 (parse + simplify)": {
        "median": 28.56989160000012,
        "min": 28.366425000000163,