{
  "timestamp": "2026-04-25T19:11:40.541Z",
  "commit": "b0d06b69",
  "commitMessage": "chore: address review feedback on PR #102",
  "machine": {
    "fingerprint": "c3d8f199",
    "cpu": "Apple M4 Pro",
    "cores": 14,
    "memoryGB": 24,
    "os": "darwin 25.4.0",
    "node": "v22.15.1",
    "onBattery": true,
    "loadAvg1m": 7.64
  },
  "scenarios": {
    "phase-tokenize": {
      "tiny (1 + 2 * 3)": {
        "median": 0.001092091599999992,
        "min": 0.0010048666000000025,
        "max": 0.001619049999999993,
        "unit": "ms"
      },
      "medium (untyped fold)": {
        "median": 0.008323416999999977,
        "min": 0.008033208500000001,
        "max": 0.008361853999999993,
        "unit": "ms"
      },
      "typed (annotated arithmetic)": {
        "median": 0.009937937499999976,
        "min": 0.009854854000000017,
        "max": 0.010290228999999982,
        "unit": "ms"
      },
      "refinement-heavy (50 annotations)": {
        "median": 0.38334416499999974,
        "min": 0.3800577099999998,
        "max": 0.392385835,
        "unit": "ms"
      },
      "effect-heavy (handler + perform)": {
        "median": 0.004695812499999988,
        "min": 0.004646562500000016,
        "max": 0.004711667000000034,
        "unit": "ms"
      },
      "eval-heavy (fib(15) recursion)": {
        "median": 0.006620833500000004,
        "min": 0.006420291999999961,
        "max": 0.006757083499999965,
        "unit": "ms"
      }
    },
    "phase-parse": {
      "tiny (1 + 2 * 3)": {
        "median": 0.0008858665999999857,
        "min": 0.00046201660000001537,
        "max": 0.0017552333999999972,
        "unit": "ms"
      },
      "medium (untyped fold)": {
        "median": 0.0023452290000000177,
        "min": 0.0021003749999999855,
        "max": 0.005401416499999982,
        "unit": "ms"
      },
      "typed (annotated arithmetic)": {
        "median": 0.0025787500000000138,
        "min": 0.002460166500000014,
        "max": 0.003626979500000061,
        "unit": "ms"
      },
      "refinement-heavy (50 annotations)": {
        "median": 0.08435541499999999,
        "min": 0.07894354000000021,
        "max": 0.09753917000000001,
        "unit": "ms"
      },
      "effect-heavy (handler + perform)": {
        "median": 0.001319020499999965,
        "min": 0.0009300210000000107,
        "max": 0.0023366875000000393,
        "unit": "ms"
      },
      "eval-heavy (fib(15) recursion)": {
        "median": 0.0024847915000000284,
        "min": 0.0019995830000000296,
        "max": 0.0030200624999999945,
        "unit": "ms"
      }
    },
    "phase-typecheck": {
      "tiny (1 + 2 * 3)": {
        "median": 0.007362250000000131,
        "min": 0.004348792000000003,
        "max": 0.013488041000000067,
        "unit": "ms"
      },
      "medium (untyped fold)": {
        "median": 0.03403391600000032,
        "min": 0.029232081999999993,
        "max": 0.043721,
        "unit": "ms"
      },
      "typed (annotated arithmetic)": {
        "median": 0.05563808199999994,
        "min": 0.04986108200000035,
        "max": 0.06880033400000002,
        "unit": "ms"
      },
      "refinement-heavy (50 annotations)": {
        "median": 5.286840820000002,
        "min": 5.188214159999998,
        "max": 5.78775584,
        "unit": "ms"
      },
      "effect-heavy (handler + perform)": {
        "median": 0.020849331999999776,
        "min": 0.0199619160000002,
        "max": 0.022934084000000438,
        "unit": "ms"
      },
      "eval-heavy (fib(15) recursion)": {
        "median": 0.07312191799999983,
        "min": 0.07261516800000027,
        "max": 0.22369683199999962,
        "unit": "ms"
      }
    },
    "phase-run-no-typecheck": {
      "tiny (1 + 2 * 3)": {
        "median": 0.0021110410000001138,
        "min": 0.0007611249999999927,
        "max": 0.003747875000000022,
        "unit": "ms"
      },
      "medium (untyped fold)": {
        "median": 0.038332665999999335,
        "min": 0.037208832000000254,
        "max": 0.058811499999999794,
        "unit": "ms"
      },
      "typed (annotated arithmetic)": {
        "median": 0.006803249999999934,
        "min": 0.00480866800000058,
        "max": 0.008324083999999857,
        "unit": "ms"
      },
      "refinement-heavy (50 annotations)": {
        "median": 0.06818168000000696,
        "min": 0.06587250000000494,
        "max": 0.12776249999999892,
        "unit": "ms"
      },
      "effect-heavy (handler + perform)": {
        "median": 0.005039915999999721,
        "min": 0.004099416000000019,
        "max": 0.005972665999999662,
        "unit": "ms"
      },
      "eval-heavy (fib(15) recursion)": {
        "median": 4.619865829999998,
        "min": 4.609595829999998,
        "max": 4.67933708,
        "unit": "ms"
      }
    },
    "phase-end-to-end": {
      "tiny (1 + 2 * 3)": {
        "median": 0.0017492499999998473,
        "min": 0.0015760829999999259,
        "max": 0.001867833000000246,
        "unit": "ms"
      },
      "medium (untyped fold)": {
        "median": 0.04510033399999884,
        "min": 0.044228000000000975,
        "max": 0.04703650000000016,
        "unit": "ms"
      },
      "typed (annotated arithmetic)": {
        "median": 0.026552166000001307,
        "min": 0.025886666000000332,
        "max": 0.026886666000000333,
        "unit": "ms"
      },
      "refinement-heavy (50 annotations)": {
        "median": 0.4728549999999996,
        "min": 0.4628008399999999,
        "max": 0.5124491800000033,
        "unit": "ms"
      },
      "effect-heavy (handler + perform)": {
        "median": 0.00702283400000124,
        "min": 0.005814916000001176,
        "max": 0.00815016800000012,
        "unit": "ms"
      },
      "eval-heavy (fib(15) recursion)": {
        "median": 4.746115,
        "min": 4.734079170000005,
        "max": 4.760855830000001,
        "unit": "ms"
      }
    },
    "solver-direct": {
      "interval target — Number → {n | n > 0 && n < 100}": {
        "median": 0.09567042000000583,
        "min": 0.09386124999999083,
        "max": 0.13004375000000437,
        "unit": "us"
      },
      "set target — :ok → {x | :ok | :error}": {
        "median": 0.1282524999999987,
        "min": 0.12641625000000203,
        "max": 0.16853540999998587,
        "unit": "us"
      },
      "count target — String → {s | count(s) > 0}": {
        "median": 0.05613417000000481,
        "min": 0.05469584000000396,
        "max": 0.09505833999999595,
        "unit": "us"
      },
      "excludedSet — Number → {n | !=0 && !=1 && !=-1}": {
        "median": 0.21143874999999754,
        "min": 0.20823082999999315,
        "max": 0.24534167000001617,
        "unit": "us"
      },
      "literal source — 50 → {n | n > 0 && n < 100}": {
        "median": 0.10551209000001109,
        "min": 0.10475167000000511,
        "max": 0.12372917000000598,
        "unit": "us"
      }
    },
    "simplify-scaling": {
      "N= 2 stacked refinements": {
        "median": 0.8156999999999244,
        "min": 0.7848333999998431,
        "max": 1.4319750000002387,
        "unit": "us"
      },
      "N= 4 stacked refinements": {
        "median": 3.5327416000000085,
        "min": 3.5093666000000665,
        "max": 3.5543249999998805,
        "unit": "us"
      },
      "N= 8 stacked refinements": {
        "median": 15.000983400000042,
        "min": 14.94907499999972,
        "max": 15.042366600000241,
        "unit": "us"
      },
      "N=16 stacked refinements": {
        "median": 92.05508340000014,
        "min": 91.89941680000011,
        "max": 92.17764160000007,
        "unit": "us"
      },
      "N=32 stacked refinements": {
        "median": 484.2315166,
        "min": 482.7767,
        "max": 487.8745333999999,
        "unit": "us"
      }
    },
    "excluded-quadratic": {
      "N= 10 (parse + simplify)": {
        "median": 28.87553340000013,
        "min": 28.558508399999845,
        "max": 30.227458200000548,