{
  "timestamp": "2026-05-28T18:48:02.190Z",
  "commit": "42231e60",
  "commitMessage": "refactor: sever runtime → parser via injected parseSource capability",
  "machine": {
    "fingerprint": "a1f27a69",
    "cpu": "Apple M4 Pro",
    "cores": 14,
    "memoryGB": 24,
    "os": "darwin 25.5.0",
    "node": "v22.15.1",
    "onBattery": true,
    "loadAvg1m": 7.39
  },
  "scenarios": {
    "phase-tokenize": {
      "tiny (1 + 2 * 3)": {
        "median": 0.0011884915999999975,
        "min": 0.001137516800000003,
        "max": 0.0015065083999999955,
        "unit": "ms"
      },
      "medium (untyped fold)": {
        "median": 0.00810677100000001,
        "min": 0.008002707999999983,
        "max": 0.008312396000000007,
        "unit": "ms"
      },
      "typed (annotated arithmetic)": {
        "median": 0.00981747900000002,
        "min": 0.009740146000000038,
        "max": 0.009956625000000031,
        "unit": "ms"
      },
      "refinement-heavy (50 annotations)": {
        "median": 0.3754839549999997,
        "min": 0.37137354000000017,
        "max": 0.38659812500000046,
        "unit": "ms"
      },
      "effect-heavy (handler + perform)": {
        "median": 0.004542812500000025,
        "min": 0.004525937499999998,
        "max": 0.0046703125000000225,
        "unit": "ms"
      },
      "eval-heavy (fib(15) recursion)": {
        "median": 0.006665937500000041,
        "min": 0.00651260400000001,
        "max": 0.0069931459999999675,
        "unit": "ms"
      }
    },
    "phase-parse": {
      "tiny (1 + 2 * 3)": {
        "median": 0.0011336749999999937,
        "min": 0.0005225084000000152,
        "max": 0.0016952582000000348,
        "unit": "ms"
      },
      "medium (untyped fold)": {
        "median": 0.004625479000000041,
        "min": 0.002489791500000024,
        "max": 0.0054081250000000405,
        "unit": "ms"
      },
      "typed (annotated arithmetic)": {
        "median": 0.0027191040000000156,
        "min": 0.0021441045000000257,
        "max": 0.0038217500000000655,
        "unit": "ms"
      },
      "refinement-heavy (50 annotations)": {
        "median": 0.08610625000000027,
        "min": 0.08227478999999903,
        "max": 0.1005793749999998,
        "unit": "ms"
      },
      "effect-heavy (handler + perform)": {
        "median": 0.001403271000000018,
        "min": 0.0009495205000000624,
        "max": 0.002367604500000084,
        "unit": "ms"
      },
      "eval-heavy (fib(15) recursion)": {
        "median": 0.002539937499999951,
        "min": 0.002000479499999983,
        "max": 0.0027114585000000487,
        "unit": "ms"
      }
    },
    "phase-typecheck": {
      "tiny (1 + 2 * 3)": {
        "median": 0.0055510830000000625,
        "min": 0.004386209000000008,
        "max": 0.014901082999999971,
        "unit": "ms"
      },
      "medium (untyped fold)": {
        "median": 0.03498466599999983,
        "min": 0.031117334000000028,
        "max": 0.04563591599999973,
        "unit": "ms"
      },
      "typed (annotated arithmetic)": {
        "median": 0.05720008400000006,
        "min": 0.04995891800000027,
        "max": 0.070668584,
        "unit": "ms"
      },
      "refinement-heavy (50 annotations)": {
        "median": 5.230874159999994,
        "min": 5.154396660000002,
        "max": 6.249965819999997,
        "unit": "ms"
      },
      "effect-heavy (handler + perform)": {
        "median": 0.020888581999999586,
        "min": 0.019141168000000108,
        "max": 0.021863416000000142,
        "unit": "ms"
      },
      "eval-heavy (fib(15) recursion)": {
        "median": 0.07860308199999963,
        "min": 0.07538674999999967,
        "max": 0.22461091599999963,
        "unit": "ms"
      }
    },
    "phase-run-no-typecheck": {
      "tiny (1 + 2 * 3)": {
        "median": 0.0010512079999998604,
        "min": 0.00079162499999984,
        "max": 0.002425833000000239,
        "unit": "ms"
      },
      "medium (untyped fold)": {
        "median": 0.03769350000000031,
        "min": 0.037126750000000354,
        "max": 0.059668083999999906,
        "unit": "ms"
      },
      "typed (annotated arithmetic)": {
        "median": 0.006845333999999639,
        "min": 0.0045811659999999395,
        "max": 0.0073034159999997425,
        "unit": "ms"
      },
      "refinement-heavy (50 annotations)": {
        "median": 0.0706066600000031,
        "min": 0.06623666000000412,
        "max": 0.12456667999999808,
        "unit": "ms"
      },
      "effect-heavy (handler + perform)": {
        "median": 0.005227334000000155,
        "min": 0.004152665999999954,
        "max": 0.0061225000000004,
        "unit": "ms"
      },
      "eval-heavy (fib(15) recursion)": {
        "median": 4.617188750000005,
        "min": 4.597752089999999,
        "max": 4.669309999999996,
        "unit": "ms"
      }
    },
    "phase-end-to-end": {
      "tiny (1 + 2 * 3)": {
        "median": 0.0019359169999997902,
        "min": 0.0016548329999995985,
        "max": 0.001960374999999658,
        "unit": "ms"
      },
      "medium (untyped fold)": {
        "median": 0.0446103320000002,
        "min": 0.043663415999999414,
        "max": 0.04681883199999902,
        "unit": "ms"
      },
      "typed (annotated arithmetic)": {
        "median": 0.02704975000000013,
        "min": 0.027025668000000225,
        "max": 0.027168084000000817,
        "unit": "ms"
      },
      "refinement-heavy (50 annotations)": {
        "median": 0.6593958399999974,
        "min": 0.6534308199999941,
        "max": 0.7296916600000077,
        "unit": "ms"
      },
      "effect-heavy (handler + perform)": {
        "median": 0.008461250000000291,
        "min": 0.007219166000000768,
        "max": 0.0095864160000001,
        "unit": "ms"
      },
      "eval-heavy (fib(15) recursion)": {
        "median": 4.769012080000002,
        "min": 4.677912079999996,
        "max": 5.134228340000009,
        "unit": "ms"
      }
    },
    "solver-direct": {
      "interval target — Number → {n | n > 0 && n < 100}": {
        "median": 0.26917209000001097,
        "min": 0.26653707999999826,
        "max": 0.29551125000001777,
        "unit": "us"
      },
      "set target — :ok → {x | :ok | :error}": {
        "median": 0.35935832999999545,
        "min": 0.35857874999999695,
        "max": 0.3881216700000005,
        "unit": "us"
      },
      "count target — String → {s | count(s) > 0}": {
        "median": 0.17805084000001442,
        "min": 0.17486000000000787,
        "max": 0.2039337500000147,
        "unit": "us"
      },
      "excludedSet — Number → {n | !=0 && !=1 && !=-1}": {
        "median": 0.48491416999999276,
        "min": 0.477192500000001,
        "max": 0.5053441699999894,
        "unit": "us"
      },
      "literal source — 50 → {n | n > 0 && n < 100}": {
        "median": 0.28589916000000815,
        "min": 0.28201750000000175,
        "max": 0.30467125000001033,
        "unit": "us"
      }
    },
    "simplify-scaling": {
      "N= 2 stacked refinements": {
        "median": 1.3522666000000754,
        "min": 1.3511749999997846,
        "max": 1.8706581999998888,
        "unit": "us"
      },
      "N= 4 stacked refinements": {
        "median": 5.322966599999927,
        "min": 5.227266600000076,
        "max": 5.359500000000116,
        "unit": "us"
      },
      "N= 8 stacked refinements": {
        "median": 21.252850000000034,
        "min": 21.191233399999692,
        "max": 21.670608400000127,
        "unit": "us"
      },
      "N=16 stacked refinements": {
        "median": 115.3375916000001,
        "min": 114.50253319999973,
        "max": 115.52338319999981,
        "unit": "us"
      },
      "N=32 stacked refinements": {
        "median": 577.9985084,
        "min": 575.9225665999999,
        "max": 583.0747416000006,
        "unit": "us"
      }
    },
    "excluded-quadratic": {
      "N= 10 (parse + simplify)": {
        "median": 33.256058399999894,