{
  "timestamp": "2026-05-11T19:13:25.030Z",
  "commit": "81a785bc",
  "commitMessage": "Route playground runtime through backend",
  "machine": {
    "fingerprint": "c3d8f199",
    "cpu": "Apple M4 Pro",
    "cores": 14,
    "memoryGB": 24,
    "os": "darwin 25.4.0",
    "node": "v22.15.1",
    "onBattery": true,
    "loadAvg1m": 9.27
  },
  "scenarios": {
    "phase-tokenize": {
      "tiny (1 + 2 * 3)": {
        "median": 0.0011512583999999948,
        "min": 0.0010923082000000022,
        "max": 0.001859100000000001,
        "unit": "ms"
      },
      "medium (untyped fold)": {
        "median": 0.008388333499999987,
        "min": 0.008368312499999973,
        "max": 0.008499354000000011,
        "unit": "ms"
      },
      "typed (annotated arithmetic)": {
        "median": 0.010366624999999999,
        "min": 0.010295479,
        "max": 0.010725396000000017,
        "unit": "ms"
      },
      "refinement-heavy (50 annotations)": {
        "median": 0.39786582999999953,
        "min": 0.39693832999999984,
        "max": 0.40507979499999974,
        "unit": "ms"
      },
      "effect-heavy (handler + perform)": {
        "median": 0.004923770500000046,
        "min": 0.004875270999999998,
        "max": 0.005012541499999998,
        "unit": "ms"
      },
      "eval-heavy (fib(15) recursion)": {
        "median": 0.007085604499999988,
        "min": 0.007010958000000017,
        "max": 0.007185541999999998,
        "unit": "ms"
      }
    },
    "phase-parse": {
      "tiny (1 + 2 * 3)": {
        "median": 0.000803125,
        "min": 0.0005391916000000037,
        "max": 0.0021553668000000017,
        "unit": "ms"
      },
      "medium (untyped fold)": {
        "median": 0.003020687500000008,
        "min": 0.002054875000000038,
        "max": 0.005644499999999993,
        "unit": "ms"
      },
      "typed (annotated arithmetic)": {
        "median": 0.002741833500000098,
        "min": 0.0023098335000000816,
        "max": 0.004453666500000054,
        "unit": "ms"
      },
      "refinement-heavy (50 annotations)": {
        "median": 0.098060835,
        "min": 0.09297124999999937,
        "max": 0.10623187500000085,
        "unit": "ms"
      },
      "effect-heavy (handler + perform)": {
        "median": 0.0015961039999999684,
        "min": 0.0009970209999999042,
        "max": 0.0024964165000000093,
        "unit": "ms"
      },
      "eval-heavy (fib(15) recursion)": {
        "median": 0.002889499999999998,
        "min": 0.00210991649999994,
        "max": 0.003195729500000084,
        "unit": "ms"
      }
    },
    "phase-typecheck": {
      "tiny (1 + 2 * 3)": {
        "median": 0.007497499999999945,
        "min": 0.005469458000000031,
        "max": 0.017286083000000188,
        "unit": "ms"
      },
      "medium (untyped fold)": {
        "median": 0.03573341800000025,
        "min": 0.03144624999999996,
        "max": 0.04514058400000022,
        "unit": "ms"
      },
      "typed (annotated arithmetic)": {
        "median": 0.05830849999999964,
        "min": 0.050966999999999645,
        "max": 0.07577883400000018,
        "unit": "ms"
      },
      "refinement-heavy (50 annotations)": {
        "median": 5.939058340000006,
        "min": 5.679092499999997,
        "max": 6.694598340000002,
        "unit": "ms"
      },
      "effect-heavy (handler + perform)": {
        "median": 0.029888834000000315,
        "min": 0.024531584000000294,
        "max": 0.030741750000000137,
        "unit": "ms"
      },
      "eval-heavy (fib(15) recursion)": {
        "median": 0.09021316799999932,
        "min": 0.08904958399999942,
        "max": 0.24107999999999993,
        "unit": "ms"
      }
    },
    "phase-run-no-typecheck": {
      "tiny (1 + 2 * 3)": {
        "median": 0.0011197910000000774,
        "min": 0.0008451250000002801,
        "max": 0.0035935420000000706,
        "unit": "ms"
      },
      "medium (untyped fold)": {
        "median": 0.043426583999999824,
        "min": 0.03999150000000009,
        "max": 0.06347475000000032,
        "unit": "ms"
      },
      "typed (annotated arithmetic)": {
        "median": 0.007243833999999879,
        "min": 0.005002083999999741,
        "max": 0.00827533399999993,
        "unit": "ms"
      },
      "refinement-heavy (50 annotations)": {
        "median": 0.07863750000000437,
        "min": 0.0711841800000002,
        "max": 0.13752668000000084,
        "unit": "ms"
      },
      "effect-heavy (handler + perform)": {
        "median": 0.005237583999999515,
        "min": 0.004096833999999944,
        "max": 0.006679999999999382,
        "unit": "ms"
      },
      "eval-heavy (fib(15) recursion)": {
        "median": 4.924976660000002,
        "min": 4.901640000000007,
        "max": 4.973904590000002,
        "unit": "ms"
      }
    },
    "phase-end-to-end": {
      "tiny (1 + 2 * 3)": {
        "median": 0.002018209000000752,
        "min": 0.0017181659999996554,
        "max": 0.0022245419999999284,
        "unit": "ms"
      },
      "medium (untyped fold)": {
        "median": 0.051811165999999506,
        "min": 0.048178665999999794,
        "max": 0.054793915999998714,
        "unit": "ms"
      },
      "typed (annotated arithmetic)": {
        "median": 0.02986058199999934,
        "min": 0.028518915999999082,
        "max": 0.03040283399999862,
        "unit": "ms"
      },
      "refinement-heavy (50 annotations)": {
        "median": 0.7579600000000027,
        "min": 0.7293341599999985,
        "max": 0.7766333400000076,
        "unit": "ms"
      },
      "effect-heavy (handler + perform)": {
        "median": 0.009686917999999423,
        "min": 0.009032081999999718,
        "max": 0.010808584000000338,
        "unit": "ms"
      },
      "eval-heavy (fib(15) recursion)": {
        "median": 5.032874590000001,
        "min": 5.005545419999999,
        "max": 5.192616660000003,
        "unit": "ms"
      }
    },
    "solver-direct": {
      "interval target — Number → {n | n > 0 && n < 100}": {
        "median": 0.09567374999998719,
        "min": 0.09523708000000625,
        "max": 0.1385254200000054,
        "unit": "us"
      },
      "set target — :ok → {x | :ok | :error}": {
        "median": 0.1327679100000023,
        "min": 0.1289508399999977,
        "max": 0.1801154200000019,
        "unit": "us"
      },
      "count target — String → {s | count(s) > 0}": {
        "median": 0.06086834000001545,
        "min": 0.05744416000001365,
        "max": 0.09829083000000537,
        "unit": "us"
      },
      "excludedSet — Number → {n | !=0 && !=1 && !=-1}": {
        "median": 0.2295691700000134,
        "min": 0.22595291999999972,
        "max": 0.2627562500000022,
        "unit": "us"
      },
      "literal source — 50 → {n | n > 0 && n < 100}": {
        "median": 0.11163708000000043,
        "min": 0.10763000000000829,
        "max": 0.13161041999999726,
        "unit": "us"
      }
    },
    "simplify-scaling": {
      "N= 2 stacked refinements": {
        "median": 0.8390918000000965,
        "min": 0.8254750000000058,
        "max": 1.5949749999999767,
        "unit": "us"
      },
      "N= 4 stacked refinements": {
        "median": 3.655274999999892,
        "min": 3.613225000000239,
        "max": 3.7466749999999593,
        "unit": "us"
      },
      "N= 8 stacked refinements": {
        "median": 15.885716799999864,
        "min": 15.874749999999768,
        "max": 15.921608399999968,
        "unit": "us"
      },
      "N=16 stacked refinements": {
        "median": 97.34532499999986,
        "min": 96.97759159999987,
        "max": 97.60721659999982,
        "unit": "us"
      },
      "N=32 stacked refinements": {
        "median": 513.6128915999998,
        "min": 512.9358167999999,
        "max": 516.9391918000001,
        "unit": "us"
      }
    },
    "excluded-quadratic": {
      "N= 10 (parse + simplify)": {
        "median": 30.482266600000003,
        "min": 30.307191600000078,
        "max": 31.82026660000047,