{
  "timestamp": "2026-05-12T21:24:48.113Z",
  "commit": "60856de6",
  "commitMessage": "Fix validateSnapshot error normalization and add regression test",
  "machine": {
    "fingerprint": "c3d8f199",
    "cpu": "Apple M4 Pro",
    "cores": 14,
    "memoryGB": 24,
    "os": "darwin 25.4.0",
    "node": "v22.15.1",
    "onBattery": true,
    "loadAvg1m": 2.3
  },
  "scenarios": {
    "phase-tokenize": {
      "tiny (1 + 2 * 3)": {
        "median": 0.0012442999999999983,
        "min": 0.001037291600000003,
        "max": 0.0017920334000000025,
        "unit": "ms"
      },
      "medium (untyped fold)": {
        "median": 0.0077863125000000085,
        "min": 0.0075476044999999775,
        "max": 0.007984312500000016,
        "unit": "ms"
      },
      "typed (annotated arithmetic)": {
        "median": 0.00954218750000001,
        "min": 0.009421917000000007,
        "max": 0.009822583499999978,
        "unit": "ms"
      },
      "refinement-heavy (50 annotations)": {
        "median": 0.37276625000000024,
        "min": 0.3696572900000001,
        "max": 0.37359479499999965,
        "unit": "ms"
      },
      "effect-heavy (handler + perform)": {
        "median": 0.004558041500000002,
        "min": 0.0044570834999999535,
        "max": 0.004579875000000015,
        "unit": "ms"
      },
      "eval-heavy (fib(15) recursion)": {
        "median": 0.006635604000000001,
        "min": 0.00642641649999996,
        "max": 0.006928041500000006,
        "unit": "ms"
      }
    },
    "phase-parse": {
      "tiny (1 + 2 * 3)": {
        "median": 0.0008324334000000135,
        "min": 0.00047895840000001047,
        "max": 0.0021958499999999957,
        "unit": "ms"
      },
      "medium (untyped fold)": {
        "median": 0.002464166500000033,
        "min": 0.0019339165000000094,
        "max": 0.007008832999999982,
        "unit": "ms"
      },
      "typed (annotated arithmetic)": {
        "median": 0.002771104000000037,
        "min": 0.002124187499999948,
        "max": 0.00426756249999994,
        "unit": "ms"
      },
      "refinement-heavy (50 annotations)": {
        "median": 0.09013458000000014,
        "min": 0.0878777100000002,
        "max": 0.09930604000000016,
        "unit": "ms"
      },
      "effect-heavy (handler + perform)": {
        "median": 0.0012941664999999603,
        "min": 0.0010026039999999057,
        "max": 0.002516853999999967,
        "unit": "ms"
      },
      "eval-heavy (fib(15) recursion)": {
        "median": 0.002502978999999982,
        "min": 0.0020041040000000976,
        "max": 0.0027280624999999645,
        "unit": "ms"
      }
    },
    "phase-typecheck": {
      "tiny (1 + 2 * 3)": {
        "median": 0.007687666000000036,
        "min": 0.0046324589999999265,
        "max": 0.015373125000000072,
        "unit": "ms"
      },
      "medium (untyped fold)": {
        "median": 0.03352383200000031,
        "min": 0.029090581999999813,
        "max": 0.04511908399999993,
        "unit": "ms"
      },
      "typed (annotated arithmetic)": {
        "median": 0.05666175000000021,
        "min": 0.047852334000000156,
        "max": 0.07544583199999988,
        "unit": "ms"
      },
      "refinement-heavy (50 annotations)": {
        "median": 5.437969160000002,
        "min": 5.300792499999997,
        "max": 5.988955820000001,
        "unit": "ms"
      },
      "effect-heavy (handler + perform)": {
        "median": 0.02128966599999967,
        "min": 0.020258334000000103,
        "max": 0.02438916599999993,
        "unit": "ms"
      },
      "eval-heavy (fib(15) recursion)": {
        "median": 0.07956666600000062,
        "min": 0.0771338340000002,
        "max": 0.22716041599999973,
        "unit": "ms"
      }
    },
    "phase-run-no-typecheck": {
      "tiny (1 + 2 * 3)": {
        "median": 0.0015106670000000122,
        "min": 0.001102541000000201,
        "max": 0.002079957999999806,
        "unit": "ms"
      },
      "medium (untyped fold)": {
        "median": 0.049200831999999535,
        "min": 0.048374915999999754,
        "max": 0.07184783200000038,
        "unit": "ms"
      },
      "typed (annotated arithmetic)": {
        "median": 0.007359000000000378,
        "min": 0.005543418000000202,
        "max": 0.008074832000000242,
        "unit": "ms"
      },
      "refinement-heavy (50 annotations)": {
        "median": 0.06789832000000388,
        "min": 0.062078339999998206,
        "max": 0.1285691599999973,
        "unit": "ms"
      },
      "effect-heavy (handler + perform)": {
        "median": 0.0054359160000003615,
        "min": 0.004546834000000672,
        "max": 0.006416916000000128,
        "unit": "ms"
      },
      "eval-heavy (fib(15) recursion)": {
        "median": 5.677170409999999,
        "min": 5.664421659999999,
        "max": 5.735660000000007,
        "unit": "ms"
      }
    },
    "phase-end-to-end": {
      "tiny (1 + 2 * 3)": {
        "median": 0.0023624159999999393,
        "min": 0.002092083999999886,
        "max": 0.0025021249999999783,
        "unit": "ms"
      },
      "medium (untyped fold)": {
        "median": 0.059094584000000394,
        "min": 0.058333332000000154,
        "max": 0.061842583999999985,
        "unit": "ms"
      },
      "typed (annotated arithmetic)": {
        "median": 0.027015167999999902,
        "min": 0.02574224999999933,
        "max": 0.02800441800000044,
        "unit": "ms"
      },
      "refinement-heavy (50 annotations)": {
        "median": 0.6587641600000097,
        "min": 0.6314049999999952,
        "max": 1.2061508399999912,
        "unit": "ms"
      },
      "effect-heavy (handler + perform)": {
        "median": 0.008207166000000142,
        "min": 0.006718416000001525,
        "max": 0.009875417999999627,
        "unit": "ms"
      },
      "eval-heavy (fib(15) recursion)": {
        "median": 5.750260000000008,
        "min": 5.703906669999997,
        "max": 5.800117909999999,
        "unit": "ms"
      }
    },
    "solver-direct": {
      "interval target — Number → {n | n > 0 && n < 100}": {
        "median": 0.09966958999999406,
        "min": 0.09507999999999811,
        "max": 0.13586375000000772,
        "unit": "us"
      },
      "set target — :ok → {x | :ok | :error}": {
        "median": 0.12916417000000366,
        "min": 0.1274458300000151,
        "max": 0.1680662499999926,
        "unit": "us"
      },
      "count target — String → {s | count(s) > 0}": {
        "median": 0.05612750000000233,
        "min": 0.053881249999994905,
        "max": 0.0927795800000058,
        "unit": "us"
      },
      "excludedSet — Number → {n | !=0 && !=1 && !=-1}": {
        "median": 0.21545541000001323,
        "min": 0.20851959000001444,
        "max": 0.2465137500000128,
        "unit": "us"
      },
      "literal source — 50 → {n | n > 0 && n < 100}": {
        "median": 0.1049212500000067,
        "min": 0.1029408400000102,
        "max": 0.13129124999999475,
        "unit": "us"
      }
    },
    "simplify-scaling": {
      "N= 2 stacked refinements": {
        "median": 0.8200918000002275,
        "min": 0.790625,
        "max": 1.4569915999996739,
        "unit": "us"
      },
      "N= 4 stacked refinements": {
        "median": 3.5540666000000782,
        "min": 3.4693833999997876,
        "max": 3.5851168000001055,
        "unit": "us"
      },
      "N= 8 stacked refinements": {
        "median": 15.024141600000075,
        "min": 14.975533400000131,
        "max": 15.228716600000189,
        "unit": "us"
      },
      "N=16 stacked refinements": {
        "median": 92.46099160000013,
        "min": 91.94402499999997,
        "max": 93.63791679999994,
        "unit": "us"
      },
      "N=32 stacked refinements": {
        "median": 491.5409916000004,
        "min": 488.8679331999999,
        "max": 499.25376659999966,
        "unit": "us"
      }
    },
    "excluded-quadratic": {
      "N= 10 (parse + simplify)": {
        "median": 29.18582499999975,