{
  "timestamp": "2026-05-13T08:12:17.302Z",
  "commit": "a1d640c2",
  "commitMessage": "test: make CST corpus roundtrip resilient to temp-file cleanup",
  "machine": {
    "fingerprint": "c3d8f199",
    "cpu": "Apple M4 Pro",
    "cores": 14,
    "memoryGB": 24,
    "os": "darwin 25.4.0",
    "node": "v22.15.1",
    "onBattery": false,
    "loadAvg1m": 2.82
  },
  "scenarios": {
    "phase-tokenize": {
      "tiny (1 + 2 * 3)": {
        "median": 0.001196533199999999,
        "min": 0.001039949999999999,
        "max": 0.0018029833999999995,
        "unit": "ms"
      },
      "medium (untyped fold)": {
        "median": 0.008012437499999976,
        "min": 0.007795999999999992,
        "max": 0.008427562499999994,
        "unit": "ms"
      },
      "typed (annotated arithmetic)": {
        "median": 0.0096618335,
        "min": 0.009634895999999997,
        "max": 0.010251832999999976,
        "unit": "ms"
      },
      "refinement-heavy (50 annotations)": {
        "median": 0.38589916500000015,
        "min": 0.38341333499999963,
        "max": 0.39789603999999995,
        "unit": "ms"
      },
      "effect-heavy (handler + perform)": {
        "median": 0.004733583500000009,
        "min": 0.004689729,
        "max": 0.004749021000000028,
        "unit": "ms"
      },
      "eval-heavy (fib(15) recursion)": {
        "median": 0.006660312499999975,
        "min": 0.006619082999999989,
        "max": 0.00695150000000001,
        "unit": "ms"
      }
    },
    "phase-parse": {
      "tiny (1 + 2 * 3)": {
        "median": 0.0007077833999999939,
        "min": 0.00045150820000001204,
        "max": 0.0020890581999999996,
        "unit": "ms"
      },
      "medium (untyped fold)": {
        "median": 0.0024679164999999443,
        "min": 0.00197981249999998,
        "max": 0.006614437500000008,
        "unit": "ms"
      },
      "typed (annotated arithmetic)": {
        "median": 0.002627416499999981,
        "min": 0.0021585829999999076,
        "max": 0.004340770499999962,
        "unit": "ms"
      },
      "refinement-heavy (50 annotations)": {
        "median": 0.09368333500000063,
        "min": 0.09008646,
        "max": 0.10796707999999967,
        "unit": "ms"
      },
      "effect-heavy (handler + perform)": {
        "median": 0.0012921874999999546,
        "min": 0.0010484164999999166,
        "max": 0.002297125000000051,
        "unit": "ms"
      },
      "eval-heavy (fib(15) recursion)": {
        "median": 0.0025884999999999537,
        "min": 0.0019318329999999833,
        "max": 0.0027775420000000395,
        "unit": "ms"
      }
    },
    "phase-typecheck": {
      "tiny (1 + 2 * 3)": {
        "median": 0.0076210419999999885,
        "min": 0.004341499999999996,
        "max": 0.01581429200000002,
        "unit": "ms"
      },
      "medium (untyped fold)": {
        "median": 0.03221574999999984,
        "min": 0.028776918000000023,
        "max": 0.04276141800000005,
        "unit": "ms"
      },
      "typed (annotated arithmetic)": {
        "median": 0.05357191599999987,
        "min": 0.047749665999999705,
        "max": 0.07065841599999977,
        "unit": "ms"
      },
      "refinement-heavy (50 annotations)": {
        "median": 5.598253340000001,
        "min": 5.4857966800000035,
        "max": 6.0006025,
        "unit": "ms"
      },
      "effect-heavy (handler + perform)": {
        "median": 0.02275383399999919,
        "min": 0.02123591800000031,
        "max": 0.025376917999999932,
        "unit": "ms"
      },
      "eval-heavy (fib(15) recursion)": {
        "median": 0.08188966600000003,
        "min": 0.07878125,
        "max": 0.23049041599999964,
        "unit": "ms"
      }
    },
    "phase-run-no-typecheck": {
      "tiny (1 + 2 * 3)": {
        "median": 0.0012116249999999126,
        "min": 0.0008782500000002073,
        "max": 0.0025299580000000786,
        "unit": "ms"
      },
      "medium (untyped fold)": {
        "median": 0.03946441800000048,
        "min": 0.03804108200000064,
        "max": 0.06408333399999992,
        "unit": "ms"
      },
      "typed (annotated arithmetic)": {
        "median": 0.007094334000000344,
        "min": 0.00489258400000017,
        "max": 0.007893000000000028,
        "unit": "ms"
      },
      "refinement-heavy (50 annotations)": {
        "median": 0.06980249999999615,
        "min": 0.06709917999999561,
        "max": 0.1281041600000026,
        "unit": "ms"
      },
      "effect-heavy (handler + perform)": {
        "median": 0.005234499999999571,
        "min": 0.004303665999999794,
        "max": 0.005889000000000123,
        "unit": "ms"
      },
      "eval-heavy (fib(15) recursion)": {
        "median": 4.728080829999999,
        "min": 4.687276249999996,
        "max": 4.75270958,
        "unit": "ms"
      }
    },
    "phase-end-to-end": {
      "tiny (1 + 2 * 3)": {
        "median": 0.0019186250000002474,
        "min": 0.0015574579999993148,
        "max": 0.0020127089999996315,
        "unit": "ms"
      },
      "medium (untyped fold)": {
        "median": 0.05417549999999938,
        "min": 0.04825641599999835,
        "max": 0.16059616599999935,
        "unit": "ms"
      },
      "typed (annotated arithmetic)": {
        "median": 0.028009833999998592,
        "min": 0.027220333999999638,
        "max": 0.029328916000000392,
        "unit": "ms"
      },
      "refinement-heavy (50 annotations)": {
        "median": 0.6992200000000048,
        "min": 0.6857708199999979,
        "max": 0.745619999999999,
        "unit": "ms"
      },
      "effect-heavy (handler + perform)": {
        "median": 0.008984083999999712,
        "min": 0.008213917999999466,
        "max": 0.011049499999999171,
        "unit": "ms"
      },
      "eval-heavy (fib(15) recursion)": {
        "median": 5.286100829999996,
        "min": 4.797122909999998,
        "max": 5.935877499999988,
        "unit": "ms"
      }
    },
    "solver-direct": {
      "interval target — Number → {n | n > 0 && n < 100}": {
        "median": 0.10860999999998967,
        "min": 0.10238290999999662,
        "max": 0.1541937500000131,
        "unit": "us"
      },
      "set target — :ok → {x | :ok | :error}": {
        "median": 0.14401499999999942,
        "min": 0.12767958000000362,
        "max": 0.20877791000000798,
        "unit": "us"
      },
      "count target — String → {s | count(s) > 0}": {
        "median": 0.06281584000000294,
        "min": 0.05766665999999532,
        "max": 0.10172291999999289,
        "unit": "us"
      },
      "excludedSet — Number → {n | !=0 && !=1 && !=-1}": {
        "median": 0.23557166999999027,
        "min": 0.22998500000001512,
        "max": 0.3023070800000096,
        "unit": "us"
      },
      "literal source — 50 → {n | n > 0 && n < 100}": {
        "median": 0.12148999999999432,
        "min": 0.11663000000000466,
        "max": 0.14259374999999636,
        "unit": "us"
      }
    },
    "simplify-scaling": {
      "N= 2 stacked refinements": {
        "median": 0.9390083999998751,
        "min": 0.8814918000000034,
        "max": 1.6358832000001713,
        "unit": "us"
      },
      "N= 4 stacked refinements": {
        "median": 3.688408200000049,
        "min": 3.6215500000002065,
        "max": 3.7631000000001222,
        "unit": "us"
      },
      "N= 8 stacked refinements": {
        "median": 15.843158399999812,
        "min": 15.588583199999993,
        "max": 15.986683400000038,
        "unit": "us"
      },
      "N=16 stacked refinements": {
        "median": 93.58655839999992,
        "min": 93.33961659999986,
        "max": 94.56905000000006,
        "unit": "us"
      },
      "N=32 stacked refinements": {
        "median": 496.8300417999999,
        "min": 488.8382250000003,
        "max": 505.8619584,
        "unit": "us"
      }
    },
    "excluded-quadratic": {
      "N= 10 (parse + simplify)": {
        "median": 30.835025000000314,
        "min": 28.991166599999996,
        "max": 34.965216599999984,