{
  "timestamp": "2026-06-04T20:43:54.850Z",
  "commit": "c8ba0be4",
  "commitMessage": "vscode-dvala: code actions — insert-catchall quick-fix (LS Q4 #5a)",
  "machine": {
    "fingerprint": "a1f27a69",
    "cpu": "Apple M4 Pro",
    "cores": 14,
    "memoryGB": 24,
    "os": "darwin 25.5.0",
    "node": "v22.15.1",
    "onBattery": true,
    "loadAvg1m": 4.53
  },
  "scenarios": {
    "phase-tokenize": {
      "tiny (1 + 2 * 3)": {
        "median": 0.001058208400000001,
        "min": 0.0010201665999999988,
        "max": 0.0016213082000000043,
        "unit": "ms"
      },
      "medium (untyped fold)": {
        "median": 0.007871333500000006,
        "min": 0.007792416500000001,
        "max": 0.00799077100000001,
        "unit": "ms"
      },
      "typed (annotated arithmetic)": {
        "median": 0.009822895499999987,
        "min": 0.009778520999999983,
        "max": 0.00993685400000001,
        "unit": "ms"
      },
      "refinement-heavy (50 annotations)": {
        "median": 0.3704649999999998,
        "min": 0.36585541500000035,
        "max": 0.37668229,
        "unit": "ms"
      },
      "effect-heavy (handler + perform)": {
        "median": 0.004557624999999973,
        "min": 0.004506500000000017,
        "max": 0.004589375000000018,
        "unit": "ms"
      },
      "eval-heavy (fib(15) recursion)": {
        "median": 0.006497271000000012,
        "min": 0.006475750000000005,
        "max": 0.00651818750000001,
        "unit": "ms"
      }
    },
    "phase-parse": {
      "tiny (1 + 2 * 3)": {
        "median": 0.0007066000000000031,
        "min": 0.00046219999999998435,
        "max": 0.002017833399999995,
        "unit": "ms"
      },
      "medium (untyped fold)": {
        "median": 0.002257708500000035,
        "min": 0.002176249999999982,
        "max": 0.004587437500000021,
        "unit": "ms"
      },
      "typed (annotated arithmetic)": {
        "median": 0.0023439164999999773,
        "min": 0.002223041500000022,
        "max": 0.003971541500000001,
        "unit": "ms"
      },
      "refinement-heavy (50 annotations)": {
        "median": 0.08018020999999977,
        "min": 0.07842646000000002,
        "max": 0.09156396000000029,
        "unit": "ms"
      },
      "effect-heavy (handler + perform)": {
        "median": 0.001406749999999988,
        "min": 0.0010294170000000804,
        "max": 0.0025728330000000027,
        "unit": "ms"
      },
      "eval-heavy (fib(15) recursion)": {
        "median": 0.0020354794999999514,
        "min": 0.0019827710000000706,
        "max": 0.0025380000000000107,
        "unit": "ms"
      }
    },
    "phase-typecheck": {
      "tiny (1 + 2 * 3)": {
        "median": 0.05401812499999983,
        "min": 0.0506349580000001,
        "max": 0.1299375829999999,
        "unit": "ms"
      },
      "medium (untyped fold)": {
        "median": 0.06192641599999979,
        "min": 0.05836741600000005,
        "max": 0.09953958199999988,
        "unit": "ms"
      },
      "typed (annotated arithmetic)": {
        "median": 0.11217474999999967,
        "min": 0.10188616600000024,
        "max": 0.14305025000000024,
        "unit": "ms"
      },
      "refinement-heavy (50 annotations)": {
        "median": 5.1026174999999965,
        "min": 4.9489658400000005,
        "max": 5.750415819999998,
        "unit": "ms"
      },
      "effect-heavy (handler + perform)": {
        "median": 0.05545108399999935,
        "min": 0.05401708400000007,
        "max": 0.13081983200000014,
        "unit": "ms"
      },
      "eval-heavy (fib(15) recursion)": {
        "median": 0.07881275000000006,
        "min": 0.07740416600000026,
        "max": 0.2275668340000002,
        "unit": "ms"
      }
    },
    "phase-run-no-typecheck": {
      "tiny (1 + 2 * 3)": {
        "median": 0.0010637910000000374,
        "min": 0.0009512079999999515,
        "max": 0.0013258749999999963,
        "unit": "ms"
      },
      "medium (untyped fold)": {
        "median": 0.037583918000000265,
        "min": 0.035492831999999905,
        "max": 0.05700799999999981,
        "unit": "ms"
      },
      "typed (annotated arithmetic)": {
        "median": 0.006396083999999974,
        "min": 0.004797832000000199,
        "max": 0.0074960840000003375,
        "unit": "ms"
      },
      "refinement-heavy (50 annotations)": {
        "median": 0.0699133400000028,
        "min": 0.06518584000000374,
        "max": 0.12842668000000232,
        "unit": "ms"
      },
      "effect-heavy (handler + perform)": {
        "median": 0.004848581999999624,
        "min": 0.0041703339999994565,
        "max": 0.006148415999999998,
        "unit": "ms"
      },
      "eval-heavy (fib(15) recursion)": {
        "median": 4.611632090000003,
        "min": 4.595361250000005,
        "max": 4.630262920000004,
        "unit": "ms"
      }
    },
    "phase-end-to-end": {
      "tiny (1 + 2 * 3)": {
        "median": 0.05480091700000048,
        "min": 0.05287349999999969,
        "max": 0.05601095799999985,
        "unit": "ms"
      },
      "medium (untyped fold)": {
        "median": 0.08160525000000052,
        "min": 0.08039516600000024,
        "max": 0.0998532499999983,
        "unit": "ms"
      },
      "typed (annotated arithmetic)": {
        "median": 0.05906683399999929,
        "min": 0.05820133400000122,
        "max": 0.07147541600000114,
        "unit": "ms"
      },
      "refinement-heavy (50 annotations)": {
        "median": 0.5742266600000039,
        "min": 0.5731125000000066,
        "max": 0.5866208400000141,
        "unit": "ms"
      },
      "effect-heavy (handler + perform)": {
        "median": 0.04517674999999872,
        "min": 0.041397666000000756,
        "max": 0.048222750000000814,
        "unit": "ms"
      },
      "eval-heavy (fib(15) recursion)": {
        "median": 4.786357499999995,
        "min": 4.613994999999996,
        "max": 5.37762791000001,
        "unit": "ms"
      }
    },
    "solver-direct": {
      "interval target — Number → {n | n > 0 && n < 100}": {
        "median": 0.24596874999999271,
        "min": 0.23210500000001047,
        "max": 0.3365837500000089,
        "unit": "us"
      },
      "set target — :ok → {x | :ok | :error}": {
        "median": 0.10631375000000844,
        "min": 0.10567583000000014,
        "max": 0.1622179200000028,
        "unit": "us"
      },
      "count target — String → {s | count(s) > 0}": {
        "median": 0.24634374999999636,
        "min": 0.2402720799999952,
        "max": 0.31821083999999245,
        "unit": "us"
      },
      "excludedSet — Number → {n | !=0 && !=1 && !=-1}": {
        "median": 0.18159999999999854,
        "min": 0.17111832999999024,
        "max": 0.23698707999999896,
        "unit": "us"
      },
      "literal source — 50 → {n | n > 0 && n < 100}": {
        "median": 0.09988584000000628,
        "min": 0.09629291999999623,
        "max": 0.14242666000000098,
        "unit": "us"
      }
    },
    "simplify-scaling": {
      "N= 2 stacked refinements": {
        "median": 0.42430000000022117,
        "min": 0.420024999999805,
        "max": 1.4530666000002384,
        "unit": "us"
      },
      "N= 4 stacked refinements": {
        "median": 1.500525000000198,
        "min": 1.4535416000002441,
        "max": 1.5672331999998277,
        "unit": "us"
      },
      "N= 8 stacked refinements": {
        "median": 5.291508400000021,
        "min": 5.250508400000035,
        "max": 5.537416600000142,
        "unit": "us"
      },
      "N=16 stacked refinements": {
        "median": 30.019625000000087,
        "min": 29.35039999999972,
        "max": 34.99416659999988,
        "unit": "us"
      },
      "N=32 stacked refinements": {
        "median": 138.40117500000014,
        "min": 137.89730840000013,
        "max": 147.9724166,
        "unit": "us"
      }
    },
    "excluded-quadratic": {
      "N= 10 (parse + simplify)": {
        "median": 18.078299999999945,
        "min": 15.76730839999982,