{
  "timestamp": "2026-05-08T17:02:38.874Z",
  "commit": "aa573882",
  "commitMessage": "Fix runtime bridge review issues",
  "machine": {
    "fingerprint": "c3d8f199",
    "cpu": "Apple M4 Pro",
    "cores": 14,
    "memoryGB": 24,
    "os": "darwin 25.4.0",
    "node": "v22.15.1",
    "onBattery": true,
    "loadAvg1m": 6.62
  },
  "scenarios": {
    "phase-tokenize": {
      "tiny (1 + 2 * 3)": {
        "median": 0.001132266800000002,
        "min": 0.0010109081999999945,
        "max": 0.0018883333999999991,
        "unit": "ms"
      },
      "medium (untyped fold)": {
        "median": 0.008265166499999992,
        "min": 0.008060167000000007,
        "max": 0.008459249999999998,
        "unit": "ms"
      },
      "typed (annotated arithmetic)": {
        "median": 0.010154708,
        "min": 0.009949770999999998,
        "max": 0.010460291499999982,
        "unit": "ms"
      },
      "refinement-heavy (50 annotations)": {
        "median": 0.38787792000000026,
        "min": 0.38225750000000003,
        "max": 0.39387062500000014,
        "unit": "ms"
      },
      "effect-heavy (handler + perform)": {
        "median": 0.004791271000000052,
        "min": 0.004694500000000005,
        "max": 0.004902249999999981,
        "unit": "ms"
      },
      "eval-heavy (fib(15) recursion)": {
        "median": 0.006766687499999989,
        "min": 0.006673145500000032,
        "max": 0.006927271000000019,
        "unit": "ms"
      }
    },
    "phase-parse": {
      "tiny (1 + 2 * 3)": {
        "median": 0.000701949999999988,
        "min": 0.0004990166000000045,
        "max": 0.0021421081999999842,
        "unit": "ms"
      },
      "medium (untyped fold)": {
        "median": 0.002585478999999964,
        "min": 0.002094417000000021,
        "max": 0.007121624999999994,
        "unit": "ms"
      },
      "typed (annotated arithmetic)": {
        "median": 0.00306606249999993,
        "min": 0.0022897915000000923,
        "max": 0.0043872499999999945,
        "unit": "ms"
      },
      "refinement-heavy (50 annotations)": {
        "median": 0.0936316649999992,
        "min": 0.08974583499999994,
        "max": 0.11282666500000005,
        "unit": "ms"
      },
      "effect-heavy (handler + perform)": {
        "median": 0.0012471460000000433,
        "min": 0.0012028539999998885,
        "max": 0.0027169999999999846,
        "unit": "ms"
      },
      "eval-heavy (fib(15) recursion)": {
        "median": 0.002637708500000031,
        "min": 0.0020895624999999426,
        "max": 0.0029031459999999923,
        "unit": "ms"
      }
    },
    "phase-typecheck": {
      "tiny (1 + 2 * 3)": {
        "median": 0.0074051249999999985,
        "min": 0.005511250000000018,
        "max": 0.013986750000000029,
        "unit": "ms"
      },
      "medium (untyped fold)": {
        "median": 0.03652916800000003,
        "min": 0.03024908200000027,
        "max": 0.047683418000000075,
        "unit": "ms"
      },
      "typed (annotated arithmetic)": {
        "median": 0.056206666000000044,
        "min": 0.04980450000000019,
        "max": 0.07460249999999996,
        "unit": "ms"
      },
      "refinement-heavy (50 annotations)": {
        "median": 5.531192499999998,
        "min": 5.467136679999994,
        "max": 6.77600418,
        "unit": "ms"
      },
      "effect-heavy (handler + perform)": {
        "median": 0.02203700000000026,
        "min": 0.020709084000000075,
        "max": 0.025404915999999503,
        "unit": "ms"
      },
      "eval-heavy (fib(15) recursion)": {
        "median": 0.08211141599999973,
        "min": 0.0790820819999999,
        "max": 0.23030925000000024,
        "unit": "ms"
      }
    },
    "phase-run-no-typecheck": {
      "tiny (1 + 2 * 3)": {
        "median": 0.0010737079999998968,
        "min": 0.000883125000000291,
        "max": 0.002874583000000257,
        "unit": "ms"
      },
      "medium (untyped fold)": {
        "median": 0.03937483399999928,
        "min": 0.03883824999999979,
        "max": 0.06260541600000033,
        "unit": "ms"
      },
      "typed (annotated arithmetic)": {
        "median": 0.006955082000000402,
        "min": 0.004920667999999751,
        "max": 0.008169415999999728,
        "unit": "ms"
      },
      "refinement-heavy (50 annotations)": {
        "median": 0.07638084000000163,
        "min": 0.06834499999999935,
        "max": 0.13800000000000182,
        "unit": "ms"
      },
      "effect-heavy (handler + perform)": {
        "median": 0.005034749999999803,
        "min": 0.00464391599999999,
        "max": 0.0064253319999997985,
        "unit": "ms"
      },
      "eval-heavy (fib(15) recursion)": {
        "median": 4.739025000000002,
        "min": 4.733040410000004,
        "max": 4.8302025,
        "unit": "ms"
      }
    },
    "phase-end-to-end": {
      "tiny (1 + 2 * 3)": {
        "median": 0.0018320829999993293,
        "min": 0.0017702500000004876,
        "max": 0.0020259580000001735,
        "unit": "ms"
      },
      "medium (untyped fold)": {
        "median": 0.047567000000000914,
        "min": 0.044681500000000596,
        "max": 0.050536833999998636,
        "unit": "ms"
      },
      "typed (annotated arithmetic)": {
        "median": 0.028275249999998777,
        "min": 0.02672416599999997,
        "max": 0.030084915999999795,
        "unit": "ms"
      },
      "refinement-heavy (50 annotations)": {
        "median": 0.6610941800000001,
        "min": 0.6408633399999962,
        "max": 0.7411274999999842,
        "unit": "ms"
      },
      "effect-heavy (handler + perform)": {
        "median": 0.008132916000000477,
        "min": 0.006058250000000044,
        "max": 0.008644831999999951,
        "unit": "ms"
      },
      "eval-heavy (fib(15) recursion)": {
        "median": 4.893790840000001,
        "min": 4.8614054200000005,
        "max": 4.96082042,
        "unit": "ms"
      }
    },
    "solver-direct": {
      "interval target — Number → {n | n > 0 && n < 100}": {
        "median": 0.09743916999999783,
        "min": 0.09515166999999565,
        "max": 0.13796542000000045,
        "unit": "us"
      },
      "set target — :ok → {x | :ok | :error}": {
        "median": 0.12873666000001321,
        "min": 0.12698875000000043,
        "max": 0.17218582999999854,
        "unit": "us"
      },
      "count target — String → {s | count(s) > 0}": {
        "median": 0.05753500000000713,
        "min": 0.056827919999996084,
        "max": 0.09556124999999156,
        "unit": "us"
      },
      "excludedSet — Number → {n | !=0 && !=1 && !=-1}": {
        "median": 0.21582499999998617,
        "min": 0.21262624999999388,
        "max": 0.2511412500000006,
        "unit": "us"
      },
      "literal source — 50 → {n | n > 0 && n < 100}": {
        "median": 0.10814415999999255,
        "min": 0.10726832999998806,
        "max": 0.13053834000000278,
        "unit": "us"
      }
    },
    "simplify-scaling": {
      "N= 2 stacked refinements": {
        "median": 0.8735083999999915,
        "min": 0.8229833999997936,
        "max": 1.496683199999825,
        "unit": "us"
      },
      "N= 4 stacked refinements": {
        "median": 3.5676250000000436,
        "min": 3.562208400000236,
        "max": 3.628141599999799,
        "unit": "us"
      },
      "N= 8 stacked refinements": {
        "median": 15.387533199999961,
        "min": 15.274133200000142,
        "max": 15.515583200000037,
        "unit": "us"
      },
      "N=16 stacked refinements": {
        "median": 93.08752499999973,
        "min": 92.66005819999991,
        "max": 93.60030000000006,
        "unit": "us"
      },
      "N=32 stacked refinements": {
        "median": 487.7205416000004,
        "min": 486.67049999999944,
        "max": 490.0536168000002,
        "unit": "us"
      }
    },
    "excluded-quadratic": {
      "N= 10 (parse + simplify)": {
        "median": 29.43570000000036,
        "min": 29.248491599999397,
        "max": 30.923141799999577,