{
  "timestamp": "2026-06-20T21:45:52.748Z",
  "commit": "e79d5862",
  "commitMessage": "fix: prevent .dvala HTML coverage report from escaping its output dir",
  "machine": {
    "fingerprint": "0d87f1c7",
    "cpu": "Apple M4 Pro",
    "cores": 14,
    "memoryGB": 24,
    "os": "darwin 25.5.0",
    "node": "v24.16.0",
    "onBattery": true,
    "loadAvg1m": 8.07
  },
  "scenarios": {
    "phase-tokenize": {
      "tiny (1 + 2 * 3)": {
        "median": 0.000990658400000001,
        "min": 0.0009529165999999975,
        "max": 0.0015053500000000043,
        "unit": "ms"
      },
      "medium (untyped fold)": {
        "median": 0.007753312499999993,
        "min": 0.007633187500000005,
        "max": 0.007881,
        "unit": "ms"
      },
      "typed (annotated arithmetic)": {
        "median": 0.009558166499999998,
        "min": 0.00951710399999999,
        "max": 0.00958152100000001,
        "unit": "ms"
      },
      "refinement-heavy (50 annotations)": {
        "median": 0.361892915,
        "min": 0.3594241649999998,
        "max": 0.36904021,
        "unit": "ms"
      },
      "effect-heavy (handler + perform)": {
        "median": 0.004428166999999973,
        "min": 0.004360437499999989,
        "max": 0.004456500000000006,
        "unit": "ms"
      },
      "eval-heavy (fib(15) recursion)": {
        "median": 0.00654189550000001,
        "min": 0.006511833000000024,
        "max": 0.006690625000000012,
        "unit": "ms"
      }
    },
    "phase-parse": {
      "tiny (1 + 2 * 3)": {
        "median": 0.0011768249999999853,
        "min": 0.0005264499999999998,
        "max": 0.0019463918000000148,
        "unit": "ms"
      },
      "medium (untyped fold)": {
        "median": 0.0026448749999999563,
        "min": 0.0023864585000000034,
        "max": 0.0032008330000000457,
        "unit": "ms"
      },
      "typed (annotated arithmetic)": {
        "median": 0.0026126454999999852,
        "min": 0.002333729500000004,
        "max": 0.003232479000000012,
        "unit": "ms"
      },
      "refinement-heavy (50 annotations)": {
        "median": 0.08148562500000026,
        "min": 0.08021957999999983,
        "max": 0.08814395999999988,
        "unit": "ms"
      },
      "effect-heavy (handler + perform)": {
        "median": 0.0012045625000000086,
        "min": 0.0010812085000000025,
        "max": 0.0017082079999999563,
        "unit": "ms"
      },
      "eval-heavy (fib(15) recursion)": {
        "median": 0.0022248749999999973,
        "min": 0.001990521000000058,
        "max": 0.0022438335000000507,
        "unit": "ms"
      }
    },
    "phase-typecheck": {
      "tiny (1 + 2 * 3)": {
        "median": 0.05977741700000001,
        "min": 0.055883082999999945,
        "max": 0.0687869169999999,
        "unit": "ms"
      },
      "medium (untyped fold)": {
        "median": 0.06886324999999988,
        "min": 0.06714516599999978,
        "max": 0.07980491600000005,
        "unit": "ms"
      },
      "typed (annotated arithmetic)": {
        "median": 0.08304475000000003,
        "min": 0.07534475000000021,
        "max": 0.10230099999999993,
        "unit": "ms"
      },
      "refinement-heavy (50 annotations)": {
        "median": 3.8559825,
        "min": 3.767920819999999,
        "max": 4.085844180000004,
        "unit": "ms"
      },
      "effect-heavy (handler + perform)": {
        "median": 0.0537275840000002,
        "min": 0.05111800000000039,
        "max": 0.07065250000000015,
        "unit": "ms"
      },
      "eval-heavy (fib(15) recursion)": {
        "median": 0.07717591799999991,
        "min": 0.06963466599999993,
        "max": 0.12099349999999959,
        "unit": "ms"
      }
    },
    "phase-run-no-typecheck": {
      "tiny (1 + 2 * 3)": {
        "median": 0.0007930420000002414,
        "min": 0.0007547500000000582,
        "max": 0.0010512920000001031,
        "unit": "ms"
      },
      "medium (untyped fold)": {
        "median": 0.03341316600000027,
        "min": 0.032709165999999644,
        "max": 0.047455081999999496,
        "unit": "ms"
      },
      "typed (annotated arithmetic)": {
        "median": 0.004739999999999782,
        "min": 0.004568917999999939,
        "max": 0.005451000000000022,
        "unit": "ms"
      },
      "refinement-heavy (50 annotations)": {
        "median": 0.0835016799999994,
        "min": 0.07997916000000259,
        "max": 0.09235500000000683,
        "unit": "ms"
      },
      "effect-heavy (handler + perform)": {
        "median": 0.0032222499999998034,
        "min": 0.0022661660000003396,
        "max": 0.005605831999999282,
        "unit": "ms"
      },
      "eval-heavy (fib(15) recursion)": {
        "median": 4.190256669999999,
        "min": 4.171177499999999,
        "max": 4.231315409999997,
        "unit": "ms"
      }
    },
    "phase-end-to-end": {
      "tiny (1 + 2 * 3)": {
        "median": 0.05774512499999946,
        "min": 0.05553712499999983,
        "max": 0.058887416999999914,
        "unit": "ms"
      },
      "medium (untyped fold)": {
        "median": 0.08168433399999958,
        "min": 0.08109141799999997,
        "max": 0.08828708200000074,
        "unit": "ms"
      },
      "typed (annotated arithmetic)": {
        "median": 0.06078933399999915,
        "min": 0.05987691600000107,
        "max": 0.06132508400000006,
        "unit": "ms"
      },
      "refinement-heavy (50 annotations)": {
        "median": 0.5823933399999988,
        "min": 0.5806550000000061,
        "max": 0.5862683199999992,
        "unit": "ms"
      },
      "effect-heavy (handler + perform)": {
        "median": 0.04511966600000051,
        "min": 0.044714834000000335,
        "max": 0.04742499999999927,
        "unit": "ms"
      },
      "eval-heavy (fib(15) recursion)": {
        "median": 4.243822499999997,
        "min": 4.230793330000006,
        "max": 4.262177079999992,
        "unit": "ms"
      }
    },
    "solver-direct": {
      "interval target — Number → {n | n > 0 && n < 100}": {
        "median": 0.21849583999999594,
        "min": 0.21458749999999782,
        "max": 0.2597979099999975,
        "unit": "us"
      },
      "set target — :ok → {x | :ok | :error}": {
        "median": 0.10031209000000672,
        "min": 0.09656875000000582,
        "max": 0.13017792000000555,
        "unit": "us"
      },
      "count target — String → {s | count(s) > 0}": {
        "median": 0.2525066699999843,
        "min": 0.25102915999999825,
        "max": 0.29325833999999307,
        "unit": "us"
      },
      "excludedSet — Number → {n | !=0 && !=1 && !=-1}": {
        "median": 0.17076167000001077,
        "min": 0.16936292000000322,
        "max": 0.19311707999999272,
        "unit": "us"
      },
      "literal source — 50 → {n | n > 0 && n < 100}": {
        "median": 0.09443041000000449,
        "min": 0.09328374999999141,
        "max": 0.10236167000000933,
        "unit": "us"
      }
    },
    "simplify-scaling": {
      "N= 2 stacked refinements": {
        "median": 0.5229000000002998,
        "min": 0.40876659999994447,
        "max": 0.7358916000001046,
        "unit": "us"
      },
      "N= 4 stacked refinements": {
        "median": 1.4523000000001047,
        "min": 1.400583199999892,
        "max": 1.5340749999999388,
        "unit": "us"
      },
      "N= 8 stacked refinements": {
        "median": 5.105524999999761,
        "min": 5.029325000000244,
        "max": 5.1786167999998725,
        "unit": "us"
      },
      "N=16 stacked refinements": {
        "median": 28.373099999999976,
        "min": 28.166183199999796,
        "max": 28.726183200000015,
        "unit": "us"
      },
      "N=32 stacked refinements": {
        "median": 131.73313339999987,
        "min": 131.5431668000001,
        "max": 132.33039160000007,
        "unit": "us"
      }
    },
    "excluded-quadratic": {
      "N= 10 (parse + simplify)": {
        "median": 15.074400000000242,
        "min": 15.047266799999852,