{
  "timestamp": "2026-05-27T20:35:20.528Z",
  "commit": "90571f50",
  "commitMessage": "refactor: move utils/persistent into the dvala-types leaf",
  "machine": {
    "fingerprint": "a1f27a69",
    "cpu": "Apple M4 Pro",
    "cores": 14,
    "memoryGB": 24,
    "os": "darwin 25.5.0",
    "node": "v22.15.1",
    "onBattery": true,
    "loadAvg1m": 3.14
  },
  "scenarios": {
    "phase-tokenize": {
      "tiny (1 + 2 * 3)": {
        "median": 0.0011590165999999953,
        "min": 0.0009743081999999958,
        "max": 0.0017178584,
        "unit": "ms"
      },
      "medium (untyped fold)": {
        "median": 0.00760064600000004,
        "min": 0.007520208000000025,
        "max": 0.007903250000000014,
        "unit": "ms"
      },
      "typed (annotated arithmetic)": {
        "median": 0.009271124999999984,
        "min": 0.009197291500000006,
        "max": 0.009495333000000017,
        "unit": "ms"
      },
      "refinement-heavy (50 annotations)": {
        "median": 0.3650147900000002,
        "min": 0.3582018749999997,
        "max": 0.3678902049999999,
        "unit": "ms"
      },
      "effect-heavy (handler + perform)": {
        "median": 0.004404499999999985,
        "min": 0.004319541500000014,
        "max": 0.007119437500000003,
        "unit": "ms"
      },
      "eval-heavy (fib(15) recursion)": {
        "median": 0.006419041499999935,
        "min": 0.006406375000000026,
        "max": 0.006908145499999932,
        "unit": "ms"
      }
    },
    "phase-parse": {
      "tiny (1 + 2 * 3)": {
        "median": 0.0006676500000000032,
        "min": 0.0005482665999999881,
        "max": 0.0015681917999999769,
        "unit": "ms"
      },
      "medium (untyped fold)": {
        "median": 0.0022191874999999755,
        "min": 0.0018530210000000124,
        "max": 0.005215791500000023,
        "unit": "ms"
      },
      "typed (annotated arithmetic)": {
        "median": 0.0025561875000000784,
        "min": 0.0023808125000000474,
        "max": 0.00384831250000002,
        "unit": "ms"
      },
      "refinement-heavy (50 annotations)": {
        "median": 0.07930707999999981,
        "min": 0.0762085449999995,
        "max": 0.10213374999999929,
        "unit": "ms"
      },
      "effect-heavy (handler + perform)": {
        "median": 0.001526104000000032,
        "min": 0.000921291999999994,
        "max": 0.002497604499999966,
        "unit": "ms"
      },
      "eval-heavy (fib(15) recursion)": {
        "median": 0.0029449164999999764,
        "min": 0.0018371459999999616,
        "max": 0.0037284169999999223,
        "unit": "ms"
      }
    },
    "phase-typecheck": {
      "tiny (1 + 2 * 3)": {
        "median": 0.005035542000000078,
        "min": 0.003825917000000118,
        "max": 0.016275750000000016,
        "unit": "ms"
      },
      "medium (untyped fold)": {
        "median": 0.0310932499999999,
        "min": 0.02787566599999991,
        "max": 0.042791833999999654,
        "unit": "ms"
      },
      "typed (annotated arithmetic)": {
        "median": 0.05466575000000012,
        "min": 0.047820500000000266,
        "max": 0.07283249999999998,
        "unit": "ms"
      },
      "refinement-heavy (50 annotations)": {
        "median": 5.304873319999997,
        "min": 4.999239160000006,
        "max": 5.678555000000001,
        "unit": "ms"
      },
      "effect-heavy (handler + perform)": {
        "median": 0.02203358399999979,
        "min": 0.01786908399999993,
        "max": 0.02648616800000036,
        "unit": "ms"
      },
      "eval-heavy (fib(15) recursion)": {
        "median": 0.07803191800000059,
        "min": 0.07503900000000067,
        "max": 0.22753808200000003,
        "unit": "ms"
      }
    },
    "phase-run-no-typecheck": {
      "tiny (1 + 2 * 3)": {
        "median": 0.0010657089999999698,
        "min": 0.0008467080000000351,
        "max": 0.002775666999999885,
        "unit": "ms"
      },
      "medium (untyped fold)": {
        "median": 0.036091999999999645,
        "min": 0.03505083400000058,
        "max": 0.05795399999999972,
        "unit": "ms"
      },
      "typed (annotated arithmetic)": {
        "median": 0.006582582000000002,
        "min": 0.004539749999999913,
        "max": 0.007837499999999636,
        "unit": "ms"
      },
      "refinement-heavy (50 annotations)": {
        "median": 0.06433081999999558,
        "min": 0.06360584000000018,
        "max": 0.12141749999999775,
        "unit": "ms"
      },
      "effect-heavy (handler + perform)": {
        "median": 0.004604833999999755,
        "min": 0.004270333999999821,
        "max": 0.0057874160000001215,
        "unit": "ms"
      },
      "eval-heavy (fib(15) recursion)": {
        "median": 4.4201604099999985,
        "min": 4.393015840000003,
        "max": 4.438874169999999,
        "unit": "ms"
      }
    },
    "phase-end-to-end": {
      "tiny (1 + 2 * 3)": {
        "median": 0.0018555830000004788,
        "min": 0.0017256669999997029,
        "max": 0.0019460419999995794,
        "unit": "ms"
      },
      "medium (untyped fold)": {
        "median": 0.04270074999999997,
        "min": 0.04238299999999981,
        "max": 0.046068167999999785,
        "unit": "ms"
      },
      "typed (annotated arithmetic)": {
        "median": 0.026597416000000523,
        "min": 0.02625641600000017,
        "max": 0.026710581999999705,
        "unit": "ms"
      },
      "refinement-heavy (50 annotations)": {
        "median": 0.6594933399999899,
        "min": 0.6454883399999926,
        "max": 0.6919558400000096,
        "unit": "ms"
      },
      "effect-heavy (handler + perform)": {
        "median": 0.008679833999998663,
        "min": 0.006640916000000288,
        "max": 0.009483915999999227,
        "unit": "ms"
      },
      "eval-heavy (fib(15) recursion)": {
        "median": 4.545380420000002,
        "min": 4.524829999999993,
        "max": 4.589621249999991,
        "unit": "ms"
      }
    },
    "solver-direct": {
      "interval target — Number → {n | n > 0 && n < 100}": {
        "median": 0.16916417000000364,
        "min": 0.1660974999999962,
        "max": 0.1965758300000016,
        "unit": "us"
      },
      "set target — :ok → {x | :ok | :error}": {
        "median": 0.22405500000000755,
        "min": 0.21775833000001513,
        "max": 0.25887917000000016,
        "unit": "us"
      },
      "count target — String → {s | count(s) > 0}": {
        "median": 0.10839125000000421,
        "min": 0.10797042000000147,
        "max": 0.1361858299999949,
        "unit": "us"
      },
      "excludedSet — Number → {n | !=0 && !=1 && !=-1}": {
        "median": 0.32792999999999667,
        "min": 0.3227416599999924,
        "max": 0.34762708000000203,
        "unit": "us"
      },
      "literal source — 50 → {n | n > 0 && n < 100}": {
        "median": 0.18409458000000087,
        "min": 0.18078374999999142,
        "max": 0.1972674999999981,
        "unit": "us"
      }
    },
    "simplify-scaling": {
      "N= 2 stacked refinements": {
        "median": 0.9760583999999654,
        "min": 0.9414833999999246,
        "max": 1.5726083999998082,
        "unit": "us"
      },
      "N= 4 stacked refinements": {
        "median": 4.118358400000216,
        "min": 4.001541599999837,
        "max": 4.198691599999802,
        "unit": "us"
      },
      "N= 8 stacked refinements": {
        "median": 17.042925000000103,
        "min": 16.97925839999989,
        "max": 17.191374999999972,
        "unit": "us"
      },
      "N=16 stacked refinements": {
        "median": 97.68522499999999,
        "min": 97.31335839999993,
        "max": 98.17535000000025,
        "unit": "us"
      },
      "N=32 stacked refinements": {
        "median": 501.7715,
        "min": 500.80052500000016,
        "max": 512.0675750000001,
        "unit": "us"
      }
    },
    "excluded-quadratic": {
      "N= 10 (parse + simplify)": {
        "median": 29.391316799999913,
        "min": 29.0221749999997,