{
  "timestamp": "2026-06-12T07:14:16.029Z",
  "commit": "fc2cb805",
  "commitMessage": "fix: record core builtins' init-time coverage in the union baseline",
  "machine": {
    "fingerprint": "0d87f1c7",
    "cpu": "Apple M4 Pro",
    "cores": 14,
    "memoryGB": 24,
    "os": "darwin 25.5.0",
    "node": "v24.16.0",
    "onBattery": false,
    "loadAvg1m": 3.91
  },
  "scenarios": {
    "phase-tokenize": {
      "tiny (1 + 2 * 3)": {
        "median": 0.0009425915999999973,
        "min": 0.0008997665999999981,
        "max": 0.001523599999999999,
        "unit": "ms"
      },
      "medium (untyped fold)": {
        "median": 0.007673770999999988,
        "min": 0.007638874999999999,
        "max": 0.007885874999999999,
        "unit": "ms"
      },
      "typed (annotated arithmetic)": {
        "median": 0.009468582999999996,
        "min": 0.009422333500000008,
        "max": 0.0094898125,
        "unit": "ms"
      },
      "refinement-heavy (50 annotations)": {
        "median": 0.36344916500000013,
        "min": 0.3588804150000001,
        "max": 0.36513103999999996,
        "unit": "ms"
      },
      "effect-heavy (handler + perform)": {
        "median": 0.004465416500000003,
        "min": 0.004370124999999973,
        "max": 0.004532333499999993,
        "unit": "ms"
      },
      "eval-heavy (fib(15) recursion)": {
        "median": 0.006506208499999957,
        "min": 0.006485146000000043,
        "max": 0.006644479500000046,
        "unit": "ms"
      }
    },
    "phase-parse": {
      "tiny (1 + 2 * 3)": {
        "median": 0.0010983249999999998,
        "min": 0.0005264499999999998,
        "max": 0.0016955584000000045,
        "unit": "ms"
      },
      "medium (untyped fold)": {
        "median": 0.002514021000000014,
        "min": 0.002265478999999971,
        "max": 0.002989500000000021,
        "unit": "ms"
      },
      "typed (annotated arithmetic)": {
        "median": 0.002499250000000018,
        "min": 0.002250208500000042,
        "max": 0.0029635415000000193,
        "unit": "ms"
      },
      "refinement-heavy (50 annotations)": {
        "median": 0.08081500000000005,
        "min": 0.08019312499999956,
        "max": 0.09171457999999973,
        "unit": "ms"
      },
      "effect-heavy (handler + perform)": {
        "median": 0.0011475210000000402,
        "min": 0.0011127500000000054,
        "max": 0.0016640204999999924,
        "unit": "ms"
      },
      "eval-heavy (fib(15) recursion)": {
        "median": 0.0021755415000000084,
        "min": 0.0021623124999999846,
        "max": 0.0023244374999999875,
        "unit": "ms"
      }
    },
    "phase-typecheck": {
      "tiny (1 + 2 * 3)": {
        "median": 0.054446958,
        "min": 0.05318662500000005,
        "max": 0.06251737500000012,
        "unit": "ms"
      },
      "medium (untyped fold)": {
        "median": 0.06461574999999993,
        "min": 0.0628397500000001,
        "max": 0.07375833399999965,
        "unit": "ms"
      },
      "typed (annotated arithmetic)": {
        "median": 0.08207375000000001,
        "min": 0.07676941599999963,
        "max": 0.10944374999999991,
        "unit": "ms"
      },
      "refinement-heavy (50 annotations)": {
        "median": 4.152426660000001,
        "min": 3.957149999999997,
        "max": 4.554069160000008,
        "unit": "ms"
      },
      "effect-heavy (handler + perform)": {
        "median": 0.057988832000000004,
        "min": 0.056393333999999413,
        "max": 0.0868316679999998,
        "unit": "ms"
      },
      "eval-heavy (fib(15) recursion)": {
        "median": 0.07953441800000019,
        "min": 0.06717066599999998,
        "max": 0.11955400000000009,
        "unit": "ms"
      }
    },
    "phase-run-no-typecheck": {
      "tiny (1 + 2 * 3)": {
        "median": 0.0014305829999998424,
        "min": 0.000719166999999743,
        "max": 0.0017423330000001442,
        "unit": "ms"
      },
      "medium (untyped fold)": {
        "median": 0.03627124999999978,
        "min": 0.03429833400000007,
        "max": 0.05023241599999983,
        "unit": "ms"
      },
      "typed (annotated arithmetic)": {
        "median": 0.0049558319999996455,
        "min": 0.004912749999999505,
        "max": 0.005744832000000315,
        "unit": "ms"
      },
      "refinement-heavy (50 annotations)": {
        "median": 0.08451168000000507,
        "min": 0.08093334000000141,
        "max": 0.09288415999999415,
        "unit": "ms"
      },
      "effect-heavy (handler + perform)": {
        "median": 0.0034819159999997283,
        "min": 0.0024577500000004873,
        "max": 0.005102334000000155,
        "unit": "ms"
      },
      "eval-heavy (fib(15) recursion)": {
        "median": 4.163577919999998,
        "min": 4.128249999999998,
        "max": 4.184285419999997,
        "unit": "ms"
      }
    },
    "phase-end-to-end": {
      "tiny (1 + 2 * 3)": {
        "median": 0.0586894999999995,
        "min": 0.056081667000000376,
        "max": 0.06001991700000053,
        "unit": "ms"
      },
      "medium (untyped fold)": {
        "median": 0.0779223320000001,
        "min": 0.07668841800000155,
        "max": 0.08619816600000013,
        "unit": "ms"
      },
      "typed (annotated arithmetic)": {
        "median": 0.05911808199999905,
        "min": 0.05808016599999974,
        "max": 0.060268834000000424,
        "unit": "ms"
      },
      "refinement-heavy (50 annotations)": {
        "median": 0.5903125,
        "min": 0.5749058400000103,
        "max": 0.5998058200000014,
        "unit": "ms"
      },
      "effect-heavy (handler + perform)": {
        "median": 0.04463450000000012,
        "min": 0.04441041799999948,
        "max": 0.04586833200000001,
        "unit": "ms"
      },
      "eval-heavy (fib(15) recursion)": {
        "median": 4.198864160000003,
        "min": 4.167500419999997,
        "max": 4.236747920000007,
        "unit": "ms"
      }
    },
    "solver-direct": {
      "interval target — Number → {n | n > 0 && n < 100}": {
        "median": 0.2224370799999997,
        "min": 0.21745333999999275,
        "max": 0.2619833299999846,
        "unit": "us"
      },
      "set target — :ok → {x | :ok | :error}": {
        "median": 0.09505457999999635,
        "min": 0.09286041999999725,
        "max": 0.12866916000000855,
        "unit": "us"
      },
      "count target — String → {s | count(s) > 0}": {
        "median": 0.2550708300000042,
        "min": 0.2512933299999895,
        "max": 0.29578584000000774,
        "unit": "us"
      },
      "excludedSet — Number → {n | !=0 && !=1 && !=-1}": {
        "median": 0.1631841600000007,
        "min": 0.1588750000000073,
        "max": 0.19227750000000016,
        "unit": "us"
      },
      "literal source — 50 → {n | n > 0 && n < 100}": {
        "median": 0.09087791999998444,
        "min": 0.09038624999999229,
        "max": 0.10053167000000031,
        "unit": "us"
      }
    },
    "simplify-scaling": {
      "N= 2 stacked refinements": {
        "median": 0.49592499999998835,
        "min": 0.4123749999998836,
        "max": 0.7385250000002997,
        "unit": "us"
      },
      "N= 4 stacked refinements": {
        "median": 1.4522500000002765,
        "min": 1.4103418000002421,
        "max": 1.5761999999998806,
        "unit": "us"
      },
      "N= 8 stacked refinements": {
        "median": 5.158666599999924,
        "min": 5.147608400000172,
        "max": 5.180474999999933,
        "unit": "us"
      },
      "N=16 stacked refinements": {
        "median": 28.198400000000035,
        "min": 27.97090820000012,
        "max": 28.680766600000062,
        "unit": "us"
      },
      "N=32 stacked refinements": {
        "median": 130.05857499999985,
        "min": 129.18594159999992,
        "max": 137.96429180000015,
        "unit": "us"
      }
    },
    "excluded-quadratic": {
      "N= 10 (parse + simplify)": {
        "median": 15.308491600000343,
        "min": 14.909333399999742,